start,end,party,startwar,endwar,war,endwar2,startfpevent,endfpevent,fpevent,startrec,endrec,recevent
-7305,-2538,Democrat,-3475,-2349,Korean,-2349,1017,1031,Cuban Missile Crisis,-5447,-5175,Recession of 1945
-2537,384,Republican,1864,4775,Vietnam,4775,8698,8749,Invasion of Grenada,-4078,-3714,Recession of 1949
385,3306,Democrat,11338,11423,Gulf I,11423,10946,10988,Invasion of Panama,-2375,-2041,Recession of 1953
3307,6228,Republican,14327,14405,Kosovo,14405,11171,11200,Iraq Invades Kuwait,-883,-611,Recession of 1958
6229,7689,Democrat,15255,15331,Afghanistan,15331,15594,15624,911,91,424,Recession of 1960-1961
7690,12072,Republican,15783,15827,Gulf II,18505,17176,17207,Troop Surge,3622,3986,Recession of 1969-1970
12073,15015,Democrat,,,,,,,,5053,5568,1973-1975 Recession
14995,17915,Republican,,,,,,,,7305,7517,1980 Recession
17916,19359,Democrat,,,,,,,,7852,8369,Early 1980s Recession
,,,,,,,,,,11139,11382,Early 1990s Recession
,,,,,,,,,,15035,15309,Early 2000s Recession
,,,,,,,,,,17501,18078,Great Recession
