<?xml version="1.0"?>
<!--<!DOCTYPE metadata SYSTEM "http://www.esri.com/metadata/esriprof80.dtd">-->
<metadata xml:lang="en"><Esri><MetaID>{F9F34ADA-AAA0-4DA8-973B-69094D78967E}</MetaID><CreaDate>20061018</CreaDate><CreaTime>16215400</CreaTime><SyncOnce>TRUE</SyncOnce><DataProperties><lineage><Process Name="Merge_3" ToolSource="C:\Program Files\ArcGIS\ArcToolbox\Toolboxes\Data Management Tools.tbx\Merge" Date="20061018" Time="162154">Merge robinson_MultipartToSinglepa1;robinson C:\XunCao\Research\Space_RA\Maps\Robinson2000_cleaned\2002_cleaned\robinson_MultipartToSinglepa3.shp "FIPS_CNTRY FIPS_CNTRY true false false 2 Text 0 0 ,First,#,robinson_MultipartToSinglepa1,FIPS_CNTRY,-1,-1,robinson,FIPS_CNTRY,-1,-1;GMI_CNTRY GMI_CNTRY true false false 3 Text 0 0 ,First,#,robinson_MultipartToSinglepa1,GMI_CNTRY,-1,-1,robinson,GMI_CNTRY,-1,-1;CNTRY_NAME CNTRY_NAME true false false 40 Text 0 0 ,First,#,robinson_MultipartToSinglepa1,CNTRY_NAME,-1,-1,robinson,CNTRY_NAME,-1,-1;SOVEREIGN SOVEREIGN true false false 40 Text 0 0 ,First,#,robinson_MultipartToSinglepa1,SOVEREIGN,-1,-1,robinson,SOVEREIGN,-1,-1;POP_CNTRY POP_CNTRY true false false 10 Double 0 10 ,First,#,robinson_MultipartToSinglepa1,POP_CNTRY,-1,-1,robinson,POP_CNTRY,-1,-1;SQKM_CNTRY SQKM_CNTRY true false false 15 Double 3 14 ,First,#,robinson_MultipartToSinglepa1,SQKM_CNTRY,-1,-1,robinson,SQKM_CNTRY,-1,-1;SQMI_CNTRY SQMI_CNTRY true false false 15 Double 3 14 ,First,#,robinson_MultipartToSinglepa1,SQMI_CNTRY,-1,-1,robinson,SQMI_CNTRY,-1,-1;CURR_TYPE CURR_TYPE true false false 16 Text 0 0 ,First,#,robinson_MultipartToSinglepa1,CURR_TYPE,-1,-1,robinson,CURR_TYPE,-1,-1;CURR_CODE CURR_CODE true false false 4 Text 0 0 ,First,#,robinson_MultipartToSinglepa1,CURR_CODE,-1,-1,robinson,CURR_CODE,-1,-1;LANDLOCKED LANDLOCKED true false false 1 Text 0 0 ,First,#,robinson_MultipartToSinglepa1,LANDLOCKED,-1,-1,robinson,LANDLOCKED,-1,-1;COLOR_MAP COLOR_MAP true false false 1 Text 0 0 ,First,#,robinson_MultipartToSinglepa1,COLOR_MAP,-1,-1,robinson,COLOR_MAP,-1,-1"</Process></lineage></DataProperties></Esri></metadata>
