ts,numsurveys,numrespondents,mipds_101_0,mipds_102_0,mipds_103_0,mipds_105_0,mipds_109_0,mipds_110_0,mipds_203_0,mipds_204_0,mipds_207_0,mipds_308_0,mipds_309_0,mipds_401_0,mipds_404_0,mipds_503_0,mipds_509_0,mipds_601_0,mipds_602_0,mipds_603_0,mipds_605_0,mipds_610_0,mipds_804_0,mipds_901_0,mipds_1001_0,mipds_1011_0,mipds_1012_0,mipds_101_1,mipds_102_1,mipds_103_1,mipds_105_1,mipds_109_1,mipds_110_1,mipds_203_1,mipds_204_1,mipds_207_1,mipds_308_1,mipds_309_1,mipds_401_1,mipds_404_1,mipds_503_1,mipds_509_1,mipds_601_1,mipds_602_1,mipds_603_1,mipds_605_1,mipds_610_1,mipds_804_1,mipds_901_1,mipds_1001_1,mipds_1011_1,mipds_1012_1,mipde_101_0,mipde_102_0,mipde_103_0,mipde_105_0,mipde_108_0,mipde_109_0,mipde_110_0,mipde_501_0,mipde_502_0,mipde_504_0,mipde_101_1,mipde_102_1,mipde_103_1,mipde_105_1,mipde_108_1,mipde_109_1,mipde_110_1,mipde_501_1,mipde_502_1,mipde_504_1,mipdfp_506_0,mipdfp_601_0,mipdfp_602_0,mipdfp_603_0,mipdfp_604_0,mipdfp_605_0,mipdfp_606_0,mipdfp_608_0,mipdfp_610_0,mipdfp_701_0,mipdfp_702_0,mipdfp_506_1,mipdfp_601_1,mipdfp_602_1,mipdfp_603_1,mipdfp_604_1,mipdfp_605_1,mipdfp_606_1,mipdfp_608_1,mipdfp_610_1,mipdfp_701_1,mipdfp_702_1,mipdsp_201_0,mipdsp_202_0,mipdsp_203_0,mipdsp_204_0,mipdsp_205_0,mipdsp_207_0,mipdsp_208_0,mipdsp_210_0,mipdsp_211_0,mipdsp_212_0,mipdsp_217_0,mipdsp_201_1,mipdsp_202_1,mipdsp_203_1,mipdsp_204_1,mipdsp_205_1,mipdsp_207_1,mipdsp_208_1,mipdsp_210_1,mipdsp_211_1,mipdsp_212_1,mipdsp_217_1,mipd_1_0,mipd_2_0,mipd_3_0,mipd_4_0,mipd_5_0,mipd_6_0,mipd_7_0,mipd_8_0,mipd_9_0,mipd_10_0,mipd_11_0,mipd_12_0,mipd_13_0,mipd_14_0,mipd_15_0,mipd_1_1,mipd_2_1,mipd_3_1,mipd_4_1,mipd_5_1,mipd_6_1,mipd_7_1,mipd_8_1,mipd_9_1,mipd_10_1,mipd_11_1,mipd_12_1,mipd_13_1,mipd_14_1,mipd_15_1,cap_1_0,cap_2_0,cap_3_0,cap_4_0,cap_5_0,cap_6_0,cap_7_0,cap_8_0,cap_9_0,cap_10_0,cap_12_0,cap_13_0,cap_14_0,cap_15_0,cap_16_0,cap_17_0,cap_18_0,cap_19_0,cap_20_0,cap_21_0,cap_22_0,cap_23_0,cap_24_0,cap_1_1,cap_2_1,cap_3_1,cap_4_1,cap_5_1,cap_6_1,cap_7_1,cap_8_1,cap_9_1,cap_10_1,cap_12_1,cap_13_1,cap_14_1,cap_15_1,cap_16_1,cap_17_1,cap_18_1,cap_19_1,cap_20_1,cap_21_1,cap_22_1,cap_23_1,cap_24_1
1939,3,8989,1.985,29.949,.101,2.393,.761,3.09,.275,0,1.102,.082,.052,.24,0,0,.188,25.072,.962,0,14.3,0,0,.547,.43,1.606,.647,2.377,33.985,.082,2.951,1.525,3.673,.123,0,1.383,.092,.075,.166,0,0,.167,20.203,1.166,0,9.201,0,0,.359,.462,2.024,1.133,1.985,29.949,.101,2.393,.234,.761,3.09,.981,.981,.384,2.377,33.985,.082,2.951,.116,1.525,3.673,1.191,1.191,.495,.035,25.072,.962,0,0,14.3,0,0,.035,0,0,.07,20.203,1.166,0,0,9.201,0,0,.032,0,.082,.104,3.131,.275,0,.515,1.102,.443,0,1.09,0,0,.147,2.643,.123,0,.89,1.383,.85,0,.924,0,0,40.067001,6.6599998,.266,.51999998,3.6760001,40.369999,0,.066,1.989,3.4349999,.94999999,.169,1.303,.071,.46000001,47.987999,6.961,.167,.57200003,5.0890002,30.601999,.082,.034,1.155,4.4510002,.57700002,.167,1.5369999,.081,.537,42.146,.43399999,.211,1.142,.234,.27500001,0,0,.18799999,.033,1.324,4.8189998,1.09,.442,15.298,0,0,25.108,3.4349999,0,3.2909999,.071,.46000001,50.580002,.33500001,.235,2.0439999,.132,.123,0,0,.167,.034,.94700003,5.0139999,.92400002,.949,10.437,0,.082,20.236,4.4510002,0,2.6919999,.081,.537
1940,1,2907,3.091,18.856,0,.515,.361,1.649,0,.052,1.649,0,0,0,0,0,.927,9.48,19.406,0,12.004,0,0,.309,1.056,7.058,.85,1.967,15.062,0,.104,.207,1.035,.207,0,2.07,0,0,0,0,0,.518,14.803,16.149,0,19.048,0,0,.259,.518,7.764,.518,3.091,18.856,0,.515,.103,.361,1.649,.567,.618,10.682,1.967,15.062,0,.104,0,.207,1.035,.207,.414,10.145,10.424,9.48,19.406,0,0,12.004,0,0,.67,0,.258,10.041,14.803,16.149,0,0,19.048,0,0,.207,0,.311,.464,.618,0,.052,.052,1.649,.412,0,0,0,.052,0,.932,.207,0,.104,2.07,.207,0,.104,0,.207,26.636,3.2969999,.103,.052,13.824,41.558998,.25799999,0,1.133,10.459,.30899999,.103,2.267,0,0,19.306,3.8299999,0,.414,11.801,50.207001,.31099999,0,1.812,9.7309999,.104,.104,2.277,0,.104,28.027,.206,.103,1.03,.206,0,0,0,.92699999,.155,.206,2.6789999,0,.361,41.834,0,.25799999,10.149,10.459,0,3.4000001,0,0,19.927999,.104,.414,.51800001,.104,.207,0,0,.62099999,0,0,3.2090001,.104,.31099999,45.237999,0,.31099999,15.01,9.7309999,0,4.0890002,0,.104
1941,2,5791,0,1.045,1.859,.205,2.283,5.283,0,0,0,0,0,0,0,0,0,31.798,0,0,26.384,0,0,.897,0,2.461,.163,0,1.633,2.293,.195,2.092,6.539,0,0,0,0,0,0,0,0,0,28.627,0,0,22.527,0,0,.976,0,2.555,.684,0,1.045,1.859,.205,.896,2.283,5.283,0,.21,11.938,0,1.633,2.293,.195,.76,2.092,6.539,0,.349,13.609,11.938,31.798,0,0,0,26.384,0,.989,11.147,0,0,13.609,28.627,0,0,0,22.527,0,.973,12.19,0,0,0,0,0,0,0,0,0,0,0,0,0,0,0,0,0,0,0,0,0,0,0,0,11.571,0,0,0,12.148,70.318001,0,0,.89700001,2.6240001,0,0,2.4419999,0,0,13.513,0,0,0,13.958,64.317001,0,0,.97600001,3.2379999,0,0,3.997,0,0,10.886,0,0,0,.89600003,0,0,0,0,0,0,0,0,0,38.321999,0,0,43.933998,2.6240001,0,3.3380001,0,0,13.102,0,0,0,.75999999,0,0,0,0,0,0,0,0,0,36.136002,0,0,41.791,3.2379999,0,4.973,0,0
1942,1,2935,3.814,8.762,6.549,3.814,0,0,1.435,0,0,0,1.459,0,0,0,0,0,0,0,19.36,0,0,0,0,3.393,0,4.033,10.077,6.551,4.033,0,0,.562,0,0,0,.989,0,0,0,0,0,0,0,21.505,0,0,0,0,5.94,0,3.814,8.762,6.549,3.814,0,0,0,0,0,0,4.033,10.077,6.551,4.033,0,0,0,0,0,0,0,2.735,0,0,0,19.36,0,3.85,0,0,0,0,2.518,0,0,0,21.505,0,3.946,0,0,0,1.459,1.459,1.435,0,0,0,0,0,0,0,4.559,.989,.989,.562,0,0,0,0,0,0,0,4.221,22.938,8.9139996,1.459,0,7.6300001,25.945,0,0,0,4.0710001,0,0,16.382,0,12.661,24.695,6.7610002,.98900002,0,7.6919999,27.969,0,0,0,7.1279998,0,0,15.577,0,9.191,22.938,1.459,0,7.6300001,0,1.4349999,0,0,0,0,0,2.9189999,0,0,23.92,0,0,6.585,4.0710001,0,16.382,0,12.661,24.695,.98900002,0,7.6919999,0,.56199998,0,0,0,0,0,1.977,0,0,25.725,0,0,6.4640002,7.1279998,0,15.577,0,9.191
1943,0,0,,,,,,,,,,,,,,,,,,,,,,,,,,,,,,,,,,,,,,,,,,,,,,,,,,,,,,,,,,,,,,,,,,,,,,,,,,,,,,,,,,,,,,,,,,,,,,,,,,,,,,,,,,,,,,,,,,,31.4055,12.307,1.2275,.249,4.9805001,28.012,.0975,0,.249,3.1815001,.74699998,0,8.337,0,9.2055001,32.401501,10.7315,.80700001,.1565,5.0975,30.3175,.39250001,0,.1565,4.9109999,.46900001,0,7.9029998,0,6.6570001,31.157999,1.2275,.249,4.6435,.34099999,.96649997,0,0,0,0,.74699998,2.5009999,.56550002,.24349999,31.001,0,0,5.382,3.1815001,0,8.5865,0,9.2055001,32.148001,.80700001,.1565,4.664,.42550001,.43749999,0,0,0,0,.46900001,1.8365,1.2175,.26199999,32.032001,0,0,5.9175,4.9109999,0,8.0594998,0,6.6570001
1944,1,2554,1.287,27.778,2.573,2.849,.276,3.665,.498,0,.276,0,.996,0,0,0,0,2.534,0,0,26.094,.219,0,0,.214,.936,.292,1.034,27.045,2.068,2.461,.393,5.34,.313,0,.393,0,.625,0,0,0,0,3.01,0,0,28.08,.344,0,0,.353,1.289,.229,1.287,27.778,2.573,2.849,.682,.276,3.665,.276,.398,0,1.034,27.045,2.068,2.461,.851,.393,5.34,.393,.474,0,0,2.534,0,0,0,26.094,0,1.231,.219,.195,0,0,3.01,0,0,0,28.08,0,1.232,.344,.785,0,1.309,0,.498,0,0,.276,0,0,1.131,0,12.486,.991,0,.313,0,0,.393,0,0,2.435,0,10.571,39.873001,15.7,.99599999,.498,2.3310001,30.079,.19499999,0,.498,2.2920001,1.494,0,.292,0,5.75,40.108002,14.702,.625,.31299999,2.503,32.666,.78500003,0,.31299999,2.694,.93800002,0,.229,0,4.1230001,39.377998,.99599999,.498,1.6569999,.68199998,.498,0,0,0,0,1.494,2.0829999,1.131,.48699999,38.082001,0,0,4.1789999,2.2920001,0,.79100001,0,5.75,39.601002,.625,.31299999,1.636,.85100001,.31299999,0,0,0,0,.93800002,1.696,2.4349999,.52399999,38.339001,0,0,5.3709998,2.694,0,.542,0,4.1230001
1945,3,8605,0,30.932,3.435,2.058,0,11.392,.222,0,0,0,2.738,.212,0,0,0,1.54,0,.685,20.277,0,0,.045,.034,.741,.185,0,27.464,4.35,2.063,0,15.576,.086,0,0,0,2.066,.261,0,0,0,1.657,0,.561,22.164,0,0,.048,.126,1.045,.261,0,30.932,3.435,2.058,1.027,0,11.392,0,.505,.641,0,27.464,4.35,2.063,1.394,0,15.576,0,.606,.827,.102,1.939,0,.685,0,20.277,0,.152,0,2.359,.046,.094,1.969,0,.561,0,22.164,0,.124,0,2.342,.058,0,0,.222,0,0,0,0,0,.532,0,10.091,0,0,.086,0,0,0,0,0,.611,0,7.809,49.028999,10.846,2.7379999,.212,3.151,23.054001,2.404,0,2.131,1.145,1.812,0,3.164,.31400001,0,51.109001,8.5059996,2.066,.26100001,3.1470001,24.816999,2.4000001,0,1.247,1.694,.75999999,0,3.6440001,.34900001,0,48.861,2.7379999,0,2.0039999,1.027,.222,0,0,0,0,2.0250001,0,.53200001,.185,31.156,0,.054,4.4419999,1.145,0,5.2950001,.31400001,0,50.792,2.066,0,1.714,1.3940001,.086,0,0,0,0,1.021,0,.611,.26100001,30.628,0,.07,4.4219999,1.694,0,4.8899999,.34900001,0
1946,3,8583,.247,3.721,29.327,.023,.274,19.785,0,0,0,0,.093,0,0,0,.014,6.125,0,1.612,5.376,1.535,.277,0,.032,0,0,.583,4.225,30.429,.072,.435,20.889,0,0,0,0,.011,0,0,0,.011,7.933,0,1.999,6.029,1.999,.461,0,.03,0,0,.247,3.721,29.327,.023,1.056,.274,19.785,.247,0,.408,.583,4.225,30.429,.072,1.187,.435,20.889,.583,0,.436,.408,6.125,0,1.612,0,5.376,0,0,1.535,3.243,0,.372,7.933,0,1.999,0,6.029,0,0,1.999,2.843,0,0,0,0,0,0,0,0,0,6.747,0,1.105,0,0,0,0,0,0,0,0,5.246,0,.981,54.431999,7.8520002,.093,0,13.677,14.648,3.243,.27700001,.042,.044,.008,0,5.586,.098,0,57.851002,6.2270002,.011,0,8.1560001,17.961,2.8429999,.461,0,.066,0,0,6.401,.022,0,53.623001,.093,0,13.007,1.056,0,0,.27700001,.014,0,.008,0,6.7470002,0,8.5019999,0,0,10.903,.044,0,5.6279998,.098,0,57.279999,.011,0,7.1269999,1.187,0,0,.461,.011,0,0,0,5.2459998,.03,9.3809996,0,0,12.776,.066,0,6.401,.022,0
1947,4,8265,.378,.065,17.17,2.683,.908,4.281,.546,0,6.158,0,.008,0,0,0,0,10.487,0,1.076,18.089,1.442,2.978,0,.194,.194,0,.427,.039,16.004,2.515,.995,6.335,.501,0,7.018,0,.025,0,0,0,0,13.119,0,1.084,13.996,1.689,3.664,0,.328,.328,0,.378,.065,17.17,2.683,0,.908,4.281,.378,0,.603,.427,.039,16.004,2.515,0,.995,6.335,.427,0,.742,.603,10.487,0,1.076,0,18.089,0,3.594,1.442,.419,0,.742,13.119,0,1.084,0,13.996,0,4.212,1.689,.757,0,0,0,.546,0,0,6.158,0,0,5.179,0,0,0,0,.501,0,0,7.018,0,0,3.606,0,0,25.485001,11.884,.008,.289,3.5699999,34.688,.419,2.9779999,.09,1.098,.016,0,7.3979998,0,12.077,26.316,11.125,.025,.34299999,3.536,34.101002,.75700003,3.664,0,1.436,0,0,7.8990002,0,10.799,25.863001,.008,0,2.589,0,.546,0,2.9779999,0,0,.30500001,6.158,5.1789999,0,19.768,0,0,15.942,1.098,0,7.4879999,0,12.077,26.743,.025,0,2.3670001,0,.50099999,0,3.664,0,0,.34299999,7.0180001,3.6059999,0,15.823,0,0,19.777,1.436,0,7.8990002,0,10.799
1948,2,5775,0,.972,10.681,3.487,2.515,2.853,0,0,1.045,0,1.566,0,0,0,0,17.094,.222,.125,34.055,5.633,.125,0,.972,2.538,0,0,1.487,9.021,3.732,2.245,4.214,0,0,.762,0,1.574,0,0,0,0,21.712,.222,.118,25.775,7.407,.118,0,1.487,3.061,0,0,.972,10.681,3.487,0,2.515,2.853,0,0,1.863,0,1.487,9.021,3.732,0,2.245,4.214,0,0,1.802,1.863,17.094,.222,.125,0,34.055,0,1.989,5.633,.773,0,1.802,21.712,.222,.118,0,25.775,0,2.755,7.407,.714,0,1.566,0,0,0,0,1.045,0,0,3.434,0,0,1.574,0,0,0,0,.762,0,0,2.316,0,0,20.507999,6.0450001,1.566,.132,1.863,59.118999,.773,.125,0,6.5650001,0,0,3.3050001,0,0,20.698,4.652,1.574,.118,1.802,57.987999,.71399999,.118,0,9.9329996,0,0,2.401,0,0,20.507999,1.566,0,0,0,0,0,.125,0,0,.132,2.6110001,3.434,0,36.264999,0,0,25.489,6.5650001,0,3.3050001,0,0,20.698,1.574,0,0,0,0,0,.118,0,0,.118,2.3369999,2.316,0,27.916,0,0,32.588001,9.9329996,0,2.401,0,0
1949,4,10047,1.012,4.94,9.755,2.502,3.571,5.135,.342,0,1.658,.818,.459,.035,0,0,0,10.782,.142,.572,11.812,3.378,.572,.2,.058,.204,0,1.205,4.943,9.438,3.056,4.256,6.079,.316,0,1.682,.668,.305,.04,0,0,0,11.058,.175,.519,9.3,3.551,.519,.181,.14,.354,0,1.012,4.94,9.755,2.502,.015,3.571,5.135,.242,0,1.581,1.205,4.943,9.438,3.056,.013,4.256,6.079,.505,0,2.831,.519,10.782,.142,.572,0,11.812,0,1.204,3.378,.263,.454,.675,11.058,.175,.519,0,9.3,0,1.56,3.551,.308,.493,.154,.067,.342,0,.071,1.658,0,0,4.543,0,.821,.136,.081,.316,0,.2,1.682,0,0,3.25,0,.854,27.156,7.6560001,1.332,.091,2.1429999,27.889999,.71600002,1.296,1.23,1.3430001,.329,0,3.5539999,0,25.264,29.271999,6.5180001,1.063,.1,3.993,26.164,.801,1.073,1.0089999,2.102,.185,0,4.1999998,0,23.52,28.445,1.332,.18700001,.31900001,.015,.34200001,.21699999,.57200003,0,.154,.36300001,2.6170001,4.5430002,.17900001,13.044,0,.454,15.628,1.3430001,.198,4.7839999,0,25.264,31.92,1.063,.148,.65700001,.013,.31600001,.191,.51899999,0,.13600001,.22400001,2.816,3.25,.116,10.67,0,.493,16.478001,2.102,.15800001,5.2090001,0,23.52
1950,4,5449,1.355,1.911,6.156,1.343,5.245,2.068,.249,.044,0,.575,.32,.145,0,0,0,7.933,1.134,1.858,14.571,5.017,.056,.018,.152,.114,0,1.657,2.414,6.108,1.807,5.952,3.027,.209,.125,0,.503,.245,.075,0,0,0,7.767,1.501,1.62,12.565,4.223,.043,.029,.259,.293,0,1.355,1.911,6.156,1.343,.495,5.245,2.068,.708,.388,5.011,1.657,2.414,6.108,1.807,.468,5.952,3.027,1.041,.6,7.245,3.781,7.933,1.134,1.858,0,14.571,5.017,2.221,5.017,1.227,0,5.286,7.767,1.501,1.62,0,12.565,4.223,3.054,4.223,1.719,0,.036,.114,.249,.044,.015,0,0,0,2.408,0,.062,.037,.293,.209,.125,.046,0,0,0,1.224,0,.179,18.719999,2.928,.89600003,.145,6.6989999,37.75,1.227,.104,.49599999,6.1259999,.073,0,4.1820002,0,20.655001,21.677,2.112,.74800003,.075,10.062,34.953999,1.719,.14,.51200002,7.7820001,.025,0,4.9770002,0,15.216,20.405001,.89600003,.085,.59200001,.495,.249,0,.063,0,.036,.21799999,.12899999,2.408,.147,26.423,0,0,16.396999,6.1259999,0,4.678,0,20.655001,24.563,.74800003,.197,1.177,.46799999,.20900001,.013,.056,0,.037,.1,.33899999,1.224,.245,25.374001,0,0,16.764,7.7820001,0,5.4889998,0,15.216
1951,1,1986,9.037,.388,9.037,.194,0,.157,.393,0,0,.093,.186,.442,.221,0,0,20.165,.352,.715,30.247,10.082,0,0,0,.196,0,12.258,.253,12.258,.126,0,.631,.103,0,0,.052,.103,.438,.219,0,0,17.082,.681,.222,25.624,8.541,0,0,0,.34,0,9.037,.388,9.037,.194,.491,0,.157,0,0,.703,12.258,.253,12.258,.126,.758,0,.631,0,0,1.362,.703,20.165,.352,.715,0,30.247,0,0,10.082,0,0,1.362,17.082,.681,.222,0,25.624,0,0,8.541,0,0,0,.196,.393,0,0,0,0,0,.952,0,0,0,.34,.103,0,0,0,0,0,.103,0,0,19.781,1.541,.28,.662,.70300001,61.561001,0,.098,2.6800001,2.437,.221,0,8.368,0,1.668,27.423,.54699999,.155,.65700001,1.362,52.150002,0,.138,2.8610001,4.5510001,.219,0,8.8000002,0,1.138,18.813,.28,0,0,.491,.39300001,.098,0,0,0,.88300002,.19599999,.95200002,.47799999,32.016998,0,0,30.247,2.437,0,11.048,0,1.668,25.525999,.155,0,0,.75800002,.103,.138,0,0,0,.87599999,.34,.103,1.1390001,27.888,0,0,25.624001,4.5510001,0,11.661,0,1.138
1952,3,6041,1.635,.649,5.783,.115,8.569,1.547,.079,.051,0,.459,.092,.297,.029,0,0,15.889,.672,.052,32.315,4.997,0,0,.369,.369,0,1.633,.584,5.439,.122,8.225,2.636,.033,.051,0,.435,.125,.159,.026,0,0,19.189,.874,.077,24.359,4.109,0,0,.613,.613,0,1.635,.649,5.783,.115,2.121,8.569,1.547,.332,.517,4.961,1.633,.584,5.439,.122,2.073,8.225,2.636,.778,.74,7.95,1.363,15.889,.672,.052,0,32.315,0,.892,4.997,0,0,1.656,19.189,.874,.077,0,24.359,0,1.468,4.109,0,0,1.893,.065,.079,.051,.025,0,0,0,.451,0,0,2.024,.095,.033,.051,.025,0,0,0,.198,0,0,20.631001,2.5639999,.551,.32600001,6.0120001,54.814999,0,1.217,.64600003,7.836,.024,0,2.902,0,2.4760001,20.955,2.4260001,.55900002,.185,10.035,50.077,0,.71899998,.40400001,10.217,0,0,2.441,0,1.982,22.745001,.551,.051,.20299999,2.1210001,.079,.40099999,0,0,.80199999,.34900001,1.181,.45100001,.226,34.401001,0,0,21.777,7.836,.80199999,3.5480001,0,2.4760001,26.448999,.55900002,.051,.56599998,2.073,.033,.235,0,0,.51099998,.185,1.633,.198,.259,26.966999,0,0,24.766001,10.217,.46900001,2.845,0,1.982
1953,1,1207,0,2.669,4.752,.347,25.914,2.744,1.254,.627,0,1.802,0,0,0,0,0,3.524,0,3.01,9.031,0,0,0,.534,0,0,0,2.254,4.122,.159,26.669,5.55,.487,.243,0,2.787,0,0,0,0,0,4.786,0,2.108,6.323,0,0,0,.248,.159,0,0,2.669,4.752,.347,2.333,25.914,2.744,2.629,0,2.721,0,2.254,4.122,.159,2.061,26.669,5.55,4.741,0,3.479,2.721,3.524,0,3.01,0,9.031,0,0,0,0,.173,3.479,4.786,0,2.108,0,6.323,0,0,0,0,1.005,0,2.074,1.254,.627,2.074,0,0,0,2.095,0,.347,0,2.606,.487,.243,2.606,0,0,0,.714,0,1.931,38.758999,8.4700003,1.802,.51999998,19.365,15.565,.17299999,0,0,9.6789999,0,0,5.6669998,0,0,40.814999,8.5869999,2.7869999,0,22.003,13.216,1.005,0,0,7.0580001,0,0,4.5289998,0,0,39.055,1.802,1.147,14.015,2.3329999,1.2539999,0,0,0,0,0,4.1479998,2.095,0,15.109,0,.17299999,3.5239999,9.6789999,0,5.6669998,0,0,43.494999,2.7869999,.243,13.783,2.0610001,.48699999,0,0,0,0,0,5.2119999,.71399999,0,13.84,0,1.005,4.7859998,7.0580001,0,4.5289998,0,0
1954,2,2942,1.176,11.756,3.177,1.565,6.079,1.972,.408,0,0,1.631,1.352,.273,.273,0,.515,5.426,1.61,2.312,12.56,4.488,.812,.273,.267,.515,0,1.987,12.447,2.561,2.097,6.884,2.859,.157,0,0,1.078,.895,.113,.113,0,.704,8.653,2.912,1.323,9.356,4.498,.594,.113,.764,.704,0,1.176,11.756,3.177,1.565,1.789,6.079,1.972,.833,0,0,1.987,12.447,2.561,2.097,1.272,6.884,2.859,2.462,0,0,0,5.426,1.61,2.312,0,12.56,0,.91,4.488,0,.515,0,8.653,2.912,1.323,0,9.356,0,1.933,4.498,0,.704,.959,0,.408,0,1.645,0,0,0,.509,0,0,1.38,0,.157,0,2.224,0,0,0,.339,0,0,27.858,3.5220001,2.983,.81800002,4.4759998,27.306999,.51499999,.81199998,.82999998,12.733,1.09,0,3.223,0,13.833,31.243,4.099,1.974,.33899999,8.0319996,28.674999,.704,.59399998,.55599999,12.302,.426,0,3.063,0,7.9920001,26.73,2.983,.273,3.128,2.233,.40799999,0,.81199998,.51499999,.51499999,1.635,1.645,.509,.17200001,16.482,0,.51499999,10.825,12.733,0,4.053,0,13.833,31.865,1.974,.113,4.8660002,1.948,.15700001,0,.59399998,.704,.704,.65200001,2.224,.33899999,.56699997,13.591,0,.704,15.084,12.302,0,3.619,0,7.9920001
1955,1,1138,0,1.869,1.795,0,1.795,1.009,0,0,3.232,2.743,2.743,0,0,0,0,19.069,3.206,0,25.315,9.92,2.427,0,0,0,0,0,2.62,2.088,0,2.088,2.341,0,0,4.364,2.153,2.153,0,0,0,0,18.485,3.774,0,21.875,11.082,.732,0,0,0,0,0,1.869,1.795,0,0,1.795,1.009,1.438,1.438,0,0,2.62,2.088,0,0,2.088,2.341,2.276,2.276,0,0,19.069,3.206,0,0,25.315,0,3.206,9.92,0,0,0,18.485,3.774,0,0,21.875,0,3.774,11.082,0,0,0,0,0,0,0,3.232,0,0,0,0,0,0,0,0,0,0,4.364,0,0,0,0,0,6.4679999,3.2320001,5.4860001,0,3.997,60.714001,0,5.5110002,0,7.302,1.1210001,0,6.1680002,0,0,9.1379995,4.3639998,4.3060002,0,5.8200002,58.988998,0,1.6720001,0,9.3450003,.16599999,0,6.1999998,0,0,9.3430004,5.4860001,3.0840001,1.1210001,0,0,0,2.427,0,0,1.1210001,3.2320001,0,0,28.52,0,0,32.194,7.302,0,6.1680002,0,0,13.689,4.3060002,.94,1.2690001,0,0,0,.73199999,0,0,.16599999,4.3639998,0,0,25.648001,0,0,33.34,9.3450003,0,6.1999998,0,0
1956,5,9292,2.836,2.391,5.484,.378,2.518,1.185,2.104,0,0,7.693,6.974,0,0,0,0,11.746,1.38,2.494,27.802,4.806,.024,0,0,.858,0,3.311,2.751,6.375,.495,2.901,2.045,1.15,0,0,6.004,5.503,0,0,0,0,15.203,1.576,1.784,21.134,5.35,.033,0,0,.995,0,2.836,2.391,5.484,.378,.189,2.518,1.185,.161,0,.787,3.311,2.751,6.375,.495,.248,2.901,2.045,.324,0,.826,.626,11.746,1.38,2.494,0,27.802,0,.395,4.806,0,0,.502,15.203,1.576,1.784,0,21.134,0,.737,5.35,0,0,.064,.064,2.104,0,.128,0,0,0,.646,0,.064,.043,.093,1.15,0,.187,0,0,0,.505,0,.093,15.391,3.069,14.667,0,8.1309996,48.624001,0,.035,.85600001,2.7160001,1.684,0,4.5999999,.212,.015,18.639,2.072,11.507,0,10.28,45.785,0,.05,.96100003,3.845,.73000002,0,5.7680001,.352,.012,15.116,14.667,0,7.1820002,.189,2.1040001,.012,.024,0,.064,1.684,.255,.64600003,.40900001,32.301998,0,0,16.948,2.7160001,0,5.4559999,.212,.015,18.525999,11.507,0,9.1300001,.248,1.15,.017,.033,0,.043,.73000002,.37400001,.505,.514,24.996,0,0,21.290001,3.845,0,6.7290001,.352,.012
1957,3,4618,.802,1.284,8.182,1.284,2.333,.788,1.569,.017,.704,16.269,0,0,0,0,.374,5.826,3.175,4.684,15.959,4.208,.287,.433,0,0,0,1.155,1.832,12.389,1.832,3.403,1.588,1.079,.011,1.021,12.122,0,0,0,0,.271,7.663,3.458,3.616,12.32,5.304,.119,.523,0,0,0,.802,1.284,8.182,1.284,0,2.333,.788,2.253,.166,0,1.155,1.832,12.389,1.832,0,3.403,1.588,2.677,.544,0,0,5.826,3.175,4.684,0,15.959,1.984,2.67,4.208,0,0,0,7.663,3.458,3.616,0,12.32,1.548,3.712,5.304,0,0,1.397,0,1.569,.017,.083,.704,0,0,0,0,.165,2.02,0,1.079,.011,.045,1.021,0,0,0,0,.213,14.672,3.9349999,16.438,.125,6.342,38.505001,0,.62699997,2.5669999,2.178,3.767,0,.49900001,0,10.343,22.198999,4.3889999,12.446,.13500001,8.2320004,37.620998,0,.153,1.9170001,3.6949999,1.551,0,.542,0,7.1209998,17.091,16.438,.48100001,1.528,0,1.569,0,.287,.498,0,3.767,2.2260001,0,0,25.801001,2.0209999,0,12.703,2.178,0,3.0669999,0,10.343,25.419001,12.446,.18000001,2.734,0,1.079,0,.119,.484,0,1.551,3.086,0,0,20.941999,2.006,0,16.679001,3.6949999,0,2.4590001,0,7.1209998
1958,7,10874,2.254,9.948,4.205,4.205,1.867,.565,1.551,0,0,9.561,2.38,0,0,0,.027,24.811,1.484,3.131,9.384,3.915,0,.073,.018,0,0,3.254,10.877,5.267,4.884,2.791,1.479,1.57,0,0,7.163,1.853,0,0,0,.028,24.103,2.554,2.302,7.987,3.648,0,.037,.048,0,0,2.254,9.948,4.205,4.205,0,1.867,.565,.072,0,.42,3.254,10.877,5.267,4.884,0,2.791,1.479,.152,0,.631,.402,24.811,1.484,3.131,0,9.384,.559,.946,4.589,0,0,.583,24.103,2.554,2.302,0,7.987,.624,1.455,4.436,.076,0,.979,0,1.551,0,0,0,0,0,0,0,.099,1.425,0,1.57,0,0,0,0,0,0,0,.122,23.045,2.6289999,11.941,.072,3.336,44.904999,0,.036,.93199998,.47099999,1.768,0,3.3610001,1.726,5.7779999,28.552999,3.118,9.0159998,.038,3.497,43.459999,.076,.038,.75800002,.95200002,1.191,0,4.4299998,1.114,3.76,23.135,11.941,.108,.97500002,0,1.551,0,0,.054,0,1.768,1.051,0,0,14.961,1.841,0,30.346001,.47099999,0,4.2930002,1.726,5.7779999,28.753,9.0159998,.075,1.473,0,1.5700001,0,0,.056,0,1.191,1.5190001,0,0,14.05,1.2130001,0,30.07,.95200002,0,5.1880002,1.114,3.76
1959,4,6520,1.88,6.537,6.126,3.759,1.88,2.694,1.567,0,0,6.418,2.139,0,0,0,0,36.578,.438,1.874,9.142,.027,0,0,0,0,0,2.646,8.391,8.496,5.292,2.646,3.145,1.201,0,0,4.784,1.595,0,0,0,0,33.601,.625,1.041,8.4,.035,0,0,0,0,0,1.88,6.537,6.126,3.759,0,1.88,2.694,0,0,.876,2.646,8.391,8.496,5.292,0,2.646,3.145,0,0,1.25,.876,36.578,.438,1.874,0,9.142,.585,.931,.027,0,0,1.25,33.601,.625,1.041,0,8.4,.878,1.172,.035,0,0,0,0,1.567,0,0,0,0,0,0,0,0,0,0,1.201,0,0,0,0,0,0,0,0,22.875,1.567,8.5579996,0,3.5550001,49.576,0,0,0,.27399999,2.438,0,5.7740002,2.6919999,2.6919999,30.615999,1.201,6.3790002,0,3.7479999,45.751999,0,0,0,.16,1.637,0,6.7080002,1.9,1.9,22.875,8.5579996,0,1.0779999,0,1.567,0,0,0,0,2.438,0,0,0,12.915,1.601,0,37.535999,.27399999,0,5.7740002,2.6919999,2.6919999,30.615999,6.3790002,0,1.24,0,1.201,0,0,0,0,1.637,0,0,0,12.193,1.2589999,0,34.807999,.16,0,6.7080002,1.9,1.9
1960,11,18606,.681,4.274,3.73,.004,1.49,.792,1.122,.285,0,4.815,3.056,.003,1.537,0,0,32.78,1.931,.994,22.846,.84,0,0,0,1.135,0,1.525,5.169,4.504,.075,2.039,1.209,.974,.127,0,3.719,2.3,0,1.506,0,0,36.697,2.404,1.056,15.555,.899,0,0,0,.754,0,.681,4.274,3.73,.004,.865,1.49,.792,.131,0,1.252,1.525,5.169,4.504,.075,1.141,2.039,1.209,.457,0,1.79,1.232,32.78,1.931,.994,0,22.846,.389,.702,1.522,.152,.027,1.722,36.697,2.404,1.056,0,15.555,.415,1.217,1.733,.157,.061,.024,.264,1.122,.285,.25,0,0,0,.03,0,.167,.071,.515,.974,.127,.328,0,0,0,.036,0,.118,11.856,2.142,7.8709998,1.54,3.5239999,61.164001,.178,.1,.616,2.8150001,1.473,0,3.681,.78399998,2.2550001,15.715,2.1689999,6.0190001,1.506,5.6170001,59.076,.21799999,.051,.449,2.9960001,.59200001,0,3.523,.73100001,1.339,11.14,7.8709998,.285,1.39,.86500001,1.122,0,0,0,0,3.013,.704,.03,.103,27.391001,.75,.027,35.155998,2.8150001,0,4.2969999,.78399998,2.2550001,15.079,6.0190001,.127,2.421,1.141,.97399998,.014,0,0,0,2.098,1.0319999,.036,.056,21.152,.949,.061,39.804001,2.9960001,0,3.9719999,.73100001,1.339
1961,4,6223,2.294,10.544,1.666,0,.503,.522,.768,.04,0,2.896,2.896,0,.081,0,0,26.859,.738,2.78,26.742,2.631,0,.728,0,0,0,4.329,13.406,1.818,0,.816,1.313,.465,.073,0,1.955,1.955,0,0,0,0,33.352,.914,1.836,17.269,2.313,0,.49,0,0,0,2.294,10.544,1.666,0,.555,.503,.522,.171,0,.8,4.329,13.406,1.818,0,.606,.816,1.313,.283,0,.957,.8,26.859,.738,2.78,0,26.742,4.466,.225,3.935,0,0,.957,33.352,.914,1.836,0,17.269,6.368,.773,3.766,0,0,0,.175,.768,.04,.088,0,0,0,0,0,.047,0,.263,.465,.073,.132,0,0,0,0,0,.059,16.084999,1.119,5.7919998,.081,1.789,65.745003,0,.052,3.053,.068,.96200001,0,3.1270001,.016,2.1110001,22.287001,.991,3.9100001,0,2.72,64.277,0,.046,1.5089999,.24699999,.48699999,0,2.7420001,0,.78299999,15.701,5.7919998,.04,.52100003,.55500001,.76800001,0,0,0,0,1.0420001,.31099999,0,.052,35.526001,.29800001,0,31.018,.068,0,6.1799998,.016,2.1110001,21.964001,3.9100001,.073,1.184,.60600001,.465,0,0,0,0,.48699999,.454,0,.046,27.343,.296,0,37.889999,.24699999,0,4.2509999,0,.78299999
1962,5,7949,1.086,5.023,2.163,0,1.268,.376,.332,0,0,5.006,3.563,0,.083,0,0,27.361,2.42,2.97,17.298,.311,0,.706,0,0,0,2.198,6.634,2.696,0,1.911,1.111,.164,0,0,3.695,2.578,0,.006,0,0,30.996,2.331,1.693,13.617,.4,0,.591,0,0,0,1.086,5.023,2.163,0,.423,1.268,.376,.95,0,3.137,2.198,6.634,2.696,0,.546,1.911,1.111,1.563,0,3.789,2.53,27.361,2.42,2.97,0,17.298,3.213,.608,.579,0,.101,2.471,30.996,2.331,1.693,0,13.617,4.174,1.008,.705,0,.157,0,.465,.332,0,.233,0,0,0,0,0,.233,0,.469,.164,0,.234,0,0,0,0,0,.234,10.34,1.263,8.5690002,.083,7.6139998,54.448002,.101,.089,2.1459999,.17299999,1.9119999,0,4.6020002,0,8.6610003,15.096,1.102,6.2719998,.006,9.4589996,54.522999,.15700001,.125,1.7029999,.65100002,.85799998,0,4.6799998,0,5.3670001,11.474,8.5690002,0,.85600001,.42300001,.33199999,0,0,0,0,1.995,.93099999,0,.089,28.43,2.671,.101,28.547001,.17299999,0,6.7470002,0,8.6610003,17.43,6.2719998,0,1.694,.546,.164,0,0,0,0,.86400002,.93800002,0,.125,24.285999,2.4119999,.15700001,32.708,.65100002,0,6.3829999,0,5.3670001
1963,1,1550,.469,4.985,.938,0,1.636,.293,0,0,0,36.23,18.115,0,0,0,0,8.081,2.325,0,4.65,0,0,0,0,0,0,.755,5.059,1.51,0,2.568,.887,0,0,0,29.326,14.663,0,0,0,0,11.595,2.695,0,5.39,0,0,0,0,0,0,.469,4.985,.938,0,0,1.636,.293,1.636,0,2.325,.755,5.059,1.51,0,0,2.568,.887,2.568,0,2.695,0,8.081,2.325,0,0,4.65,2.325,0,0,0,0,0,11.595,2.695,0,0,5.39,2.695,0,0,0,0,0,0,0,0,0,0,0,0,0,0,0,0,0,0,0,0,0,0,0,0,0,0,8.3210001,0,54.344002,0,6.4029999,17.379999,0,0,0,0,.55400002,0,6.3699999,0,6.6279998,10.779,0,43.988998,0,8.3509998,22.375,0,0,0,0,.066,0,6.506,0,7.934,12.282,54.344002,0,.117,0,0,0,0,0,0,.55400002,0,0,0,9.3000002,2.325,0,8.0810003,0,0,6.3699999,0,6.6279998,16.041,43.988998,0,.39300001,0,0,0,0,0,0,.066,0,0,0,10.78,2.6949999,0,11.595,0,0,6.506,0,7.934
1964,7,11154,.138,4.256,1.709,.19,.831,.14,.754,1.206,1.684,26.231,12.308,.524,0,0,.009,5.725,.364,1.823,6.78,9.461,0,.557,.006,.508,.106,.178,5.984,2.79,.201,1.438,.368,.799,1.138,1.929,21.931,10.139,.284,0,0,.078,8.739,.616,1.445,4.381,10.859,0,.485,.008,.766,.082,.138,4.256,1.709,.19,.008,.831,.14,.058,.029,.257,.178,5.984,2.79,.201,.004,1.438,.368,.136,.068,.406,.103,5.725,.364,1.823,0,6.78,3.094,1.056,9.467,.019,.114,.117,8.739,.616,1.445,0,4.381,2.132,1.864,10.859,.039,.299,.372,.167,.754,1.206,.545,1.684,0,0,.129,0,.318,.297,.266,.799,1.138,.456,1.929,0,0,.066,0,.238,7.3920002,5.1739998,38.737999,1.448,.77399999,28.309999,.133,.016,.91000003,6.2810001,1.002,0,4.2639999,1.75,3.8080001,11.238,5.1890001,32.187,.78600001,1.474,30.035999,.338,.07,.75800002,7.3439999,.74699998,0,6.1290002,1.087,2.6170001,7.5419998,38.750999,1.206,.25799999,.099,.75400001,0,0,.009,.212,2.359,2.7850001,.21799999,.083,12.164,.164,.114,16.268,6.2810001,.016,5.1620002,1.75,3.8080001,11.526,32.209999,1.138,.671,.021,.79900002,.047,0,.078,.13600001,1.515,3.006,.109,.20100001,8.691,.115,.29899999,21.502001,7.3439999,.023,6.8639998,1.087,2.6170001
1965,8,12736,.454,1.787,1.708,0,.569,.205,1.001,.361,1.447,22.76,0,.808,0,0,0,6.814,.194,5.887,5.905,31.172,0,2.213,0,0,0,.772,2.662,3.027,0,1.009,.56,.706,.309,1.579,18.875,0,.908,0,0,0,11.286,.221,4.66,4.7,29.154,0,2.472,0,0,0,.454,1.787,1.708,0,0,.569,.205,0,0,.291,.772,2.662,3.027,0,0,1.009,.56,0,0,.653,0,6.814,.194,5.887,0,5.905,.429,.605,31.172,0,0,0,11.286,.221,4.66,0,4.7,.364,.983,29.154,0,0,.078,0,1.001,.361,.18,1.447,0,0,.078,0,.014,.084,0,.706,.309,.154,1.579,0,0,.084,0,.02,5.0949998,3.1589999,24.348,.80800003,.61199999,51.006001,0,.198,3.7869999,1.465,2.5009999,0,1.664,0,5.3569999,8.9060001,2.937,20.634001,.90799999,1.1,51.368999,0,.447,3.3310001,2.2650001,1.6900001,0,2.546,0,3.868,5.0949998,24.348,.361,.27399999,.278,1.001,0,0,.014,0,3.0309999,1.628,.155,.48899999,12.416,.047,0,38.59,1.465,0,5.4510002,0,5.3569999,8.9060001,20.634001,.30899999,.43200001,.241,.70599997,0,0,.02,0,2.3570001,1.733,.169,1.1,9.9449997,.015,0,41.424,2.2650001,0,5.8769999,0,3.868
1966,5,9595,2.301,.267,7.813,.015,2.635,.443,.692,.334,1.242,12.546,.403,.841,0,0,0,3.066,.55,2.386,8.622,38.651,.005,1.997,0,.143,.022,3.145,1.115,10.054,.056,3.671,.293,.543,.261,1.287,10.99,.447,.519,0,0,0,4.441,.12,1.944,8.054,35.001,.015,2.58,0,.26,.008,2.301,.267,7.813,.015,.131,2.635,.443,.131,.131,.495,3.145,1.115,10.054,.056,.141,3.671,.293,.18,.18,.589,.056,3.066,.55,2.386,0,8.622,0,.244,38.651,0,0,.024,4.441,.12,1.944,0,8.054,.012,.461,35.001,.059,.024,.392,.203,.692,.334,.159,1.242,0,0,.249,0,.022,.33,.171,.543,.261,.12,1.287,0,0,.197,0,.015,14.018,3.293,14.823,.93300003,1.025,53.519001,0,.229,3.2509999,2.0120001,1.115,0,.85299999,.79900002,4.1300001,19.021999,2.924,13.426,.58099997,1.187,50.033001,.082,.185,3.266,2.9660001,1.3789999,0,.87,.42300001,3.655,14.225,14.823,.33399999,.213,.322,.69199997,.021,.005,.003,.013,1.891,1.688,.51099998,.55900002,11.633,.054,0,41.960999,2.0120001,.005,4.105,.79900002,4.1300001,19.358,13.473,.26100001,.185,.34799999,.54299998,.027,.015,.015,.034,1.791,1.652,.38100001,.57599998,10.154,.053,.071,39.915001,2.9660001,.017,4.0890002,.42300001,3.655
1967,3,4754,1.588,.462,4.765,0,1.588,.113,.529,.181,1.694,6.857,0,.616,.069,0,0,2.227,.066,2.481,2.481,46.1,0,2.976,0,0,0,2.355,1.108,7.065,0,2.355,.239,.612,.105,1.237,7.198,0,1.326,.019,0,0,3.368,.114,1.568,1.568,40.83,0,2.749,0,0,0,1.588,.462,4.765,0,0,1.588,.113,0,0,.226,2.355,1.108,7.065,0,0,2.355,.239,0,0,.434,0,2.227,.066,2.481,0,2.481,0,.302,46.1,0,0,0,3.368,.114,1.568,0,1.568,0,.51,40.83,0,0,.047,0,.529,.181,.091,1.694,0,0,.047,0,0,.128,0,.612,.105,.053,1.237,0,0,.128,0,0,8.849,2.5880001,7.5570002,15.259,.59299999,53.657001,0,.177,4.355,1.549,1.994,0,1.2460001,0,2.1760001,13.557,2.2639999,8.2200003,15.713,.81800002,47.958,0,.49000001,3.4920001,2.2809999,1.101,0,1.503,0,2.6040001,8.849,7.5570002,.18099999,.234,.18000001,.52899998,0,0,0,0,17.072001,1.785,.093,.403,5.0279999,.133,0,48.629002,1.549,0,5.6009998,0,2.1760001,13.557,8.2200003,.105,.384,.082,.61199999,0,0,0,0,16.732,1.29,.257,.92400002,3.25,0,0,44.708,2.2809999,0,4.994,0,2.6040001
1968,7,10839,.916,.317,2.981,.012,1.226,.157,.497,.182,2.028,11.2,2.074,3.61,.176,0,0,1.664,.21,.536,2.404,41.777,0,2.11,0,.061,0,1.581,.477,4.919,.061,1.953,.294,.649,.134,1.497,10.281,2.125,5.04,.156,0,0,2.205,.214,.399,1.781,34.6,0,1.775,0,.201,0,.916,.317,2.981,.012,.018,1.226,.157,.047,.047,.313,1.581,.477,4.919,.061,.057,1.953,.294,.121,.121,.462,.089,1.664,.21,.536,0,2.404,.053,.469,41.777,.018,0,.023,2.205,.214,.399,0,1.781,.045,.603,34.6,.045,.057,.357,.426,.497,.182,.124,2.028,0,0,.303,0,0,.544,.613,.649,.134,.109,1.497,0,0,.396,0,.023,5.8369999,3.918,14.524,16.031,.70200002,47.112,.018,.08,2.9319999,2.043,3.8210001,0,.59200001,.292,2.099,9.7779999,3.9660001,13.625,18.524,1.425,39.848,.102,.13699999,2.4779999,3.1760001,4.2090001,.08,.98100001,.227,1.443,5.927,14.542,.182,.29499999,.156,.49700001,.035,0,0,.023,19.747,2.5829999,.59899998,.255,3.2920001,0,0,43.926998,2.043,0,3.506,.292,2.099,10.002,13.685,.134,.65200001,.133,.64899999,.019,0,0,.059,22.701,2.2360001,.81999999,.51899999,2.4860001,.068,.08,37.431,3.1760001,.02,3.4590001,.227,1.443
1969,3,4582,1.275,.648,3.295,0,1.275,.098,.523,.122,2.789,9.392,0,.764,.475,0,0,1.349,.018,1.435,24.531,26.926,0,1.735,0,0,0,1.564,.842,4.141,0,1.564,.216,.47,.095,3.49,10.248,0,1.057,.04,0,0,2.045,.153,.885,21.117,23.598,0,1.228,0,0,0,1.275,.648,3.295,0,0,1.275,.098,0,0,.038,1.564,.842,4.141,0,0,1.564,.216,0,0,.093,0,1.349,.018,1.435,0,24.531,0,.16,26.926,0,0,0,2.045,.153,.885,0,21.117,0,.506,23.598,0,0,.621,.384,.523,.122,.061,2.789,0,0,.276,0,0,.966,.716,.47,.095,.047,3.49,0,0,.403,0,0,6.6290002,4.776,13.148,8.2609997,.68099999,54.418999,0,.003,2.4200001,.588,5.4419999,0,1.171,0,2.4630001,8.4209995,6.1880002,13.746,9.125,1.332,48.304001,0,.132,1.939,1.127,5.5419998,0,2.2,0,1.944,6.6290002,13.148,.122,.64300001,.116,.523,0,0,0,0,13.587,3.7449999,.38699999,.041,25.983999,0,0,28.434999,.588,0,3.5899999,0,2.4630001,8.4209995,13.746,.095,1.238,.107,.47,0,0,0,0,14.56,4.9959998,.62699997,.22499999,22.155001,0,0,26.149,1.127,0,4.1399999,0,1.944
1970,6,9195,1.572,.944,4.312,.287,1.881,1.201,.658,.192,2.023,4.173,2.567,1.019,4.878,0,.021,3.589,.158,1.851,3.387,25.649,0,2.845,0,.6,.021,2.341,1.231,5.713,.56,2.616,1.01,1.06,.153,1.581,4.777,2.993,.838,2.728,0,0,4.082,.369,1.238,2.731,21.163,0,2.636,0,1.08,.054,1.572,.944,4.312,.287,.042,1.881,1.201,.031,.031,.17,2.341,1.231,5.713,.56,.068,2.616,1.01,.063,.063,.18,.042,3.589,.158,1.851,0,3.387,0,1.196,25.649,0,.01,.027,4.082,.369,1.238,0,2.731,.014,1.29,21.163,0,.108,1.318,1.036,.658,.192,.541,2.023,0,0,.802,0,0,1.916,.621,1.06,.153,.493,1.581,0,0,1.294,0,0,10.464,6.5700002,11.388,12.469,.39899999,35.830002,.01,4.2220001,3.655,1.591,5.6259999,0,4.7800002,.23999999,2.7550001,13.904,7.119,12.564,11.598,.64499998,30.886,.108,5.132,3.5309999,2.648,5.289,0,4.1700001,.081,2.326,10.398,11.399,.192,.104,.414,.65799999,3.402,0,.021,.43399999,17.818001,3.5999999,1.591,1.035,5.4369998,.042,.01,30.434,1.591,0,8.4250002,.23999999,2.7550001,13.777,12.577,.153,.257,.472,1.0599999,4.072,0,0,.32600001,16.65,2.6949999,2.717,1.399,4.3779998,.081,.108,26.535,2.648,0,7.6869998,.081,2.326
1971,5,7583,3.58,4.18,8.251,0,3.622,.394,.872,0,2.544,1.8,3.678,.166,7.358,0,0,1.44,.076,1.953,8.863,19.649,0,3.129,0,.344,.06,4.96,5.426,11.212,0,5.086,1.039,.548,0,2.009,1.804,3.94,.209,4.259,0,0,2.275,.201,1.304,6.954,15.966,0,3.536,0,.608,.124,3.58,4.18,8.251,0,1.637,3.622,.394,0,0,.071,4.96,5.426,11.212,0,1.938,5.086,1.039,0,0,.047,0,1.44,.076,1.953,.001,8.863,0,.26,19.649,0,0,0,2.275,.201,1.304,0,6.954,0,.606,15.966,0,0,.183,1.69,.872,0,1.695,2.544,0,.596,.161,0,0,.214,1.253,.548,0,2.213,2.009,0,.273,.164,0,0,21.733999,7.7410002,7.6269999,11.435,.109,32.242001,0,5.1880002,4.4439998,1.515,4.5929999,0,1.016,0,2.355,29.708,6.6760001,7.9070001,8.4949999,.155,27.306,0,4.6599998,4.4169998,2.855,3.339,0,1.949,0,2.5350001,20.098,7.6269999,0,0,1.898,.87199998,4.1209998,0,0,.001,15.767,6.5240002,.34299999,1.138,10.893,.037,0,21.349001,1.515,0,5.46,0,2.355,27.77,7.9070001,0,0,2.0710001,.54799998,3.8659999,0,0,.027,11.7,5.7490001,.35100001,.84100002,8.4580002,.108,0,18.847,2.855,0,6.3660002,0,2.5350001
1972,7,10170,3.664,3.764,8.345,.22,3.661,.197,.967,.087,1.697,1.318,2.24,1.658,8.671,0,0,1.696,.115,1.957,3.536,27.129,0,4.023,0,.525,.026,4.756,5.113,10.387,.378,4.843,.224,1.029,.044,1.695,1.403,2.33,1.458,4.977,0,0,2.217,.389,1.428,2.676,20.654,.014,3.757,0,.935,.068,3.664,3.764,8.345,.22,.017,3.661,.197,.012,.012,.101,4.756,5.113,10.387,.378,0,4.843,.224,.045,.045,.259,.052,1.696,.115,1.957,.027,3.536,.607,.283,27.129,.017,.009,.038,2.217,.389,1.428,.083,2.676,.454,.75,20.654,.023,.023,.304,2.281,.967,.087,1.105,1.697,0,0,.182,0,.006,.239,2.813,1.029,.044,1.469,1.695,0,0,.131,.014,0,19.931999,6.6279998,5.118,13.532,.207,35.351002,.026,3.408,5.4959998,2.1619999,3.5150001,0,2.053,0,2.572,25.945999,7.4320002,5.145,10.235,.43000001,28.652,.045,3.714,4.6919999,5.243,3.513,0,2.45,0,2.503,19.93,5.118,.112,0,.33000001,.96700001,2.7539999,0,0,.036,16.796,5.0890002,.36300001,.70999998,6.2950001,.083,.026,29.108,2.1619999,0,7.5489998,0,2.572,26.011999,5.145,.053,0,.197,1.029,2.8970001,.014,0,.031,13.645,5.9759998,.24699999,1.0470001,5.0679998,.08,.023,23.643999,5.243,.002,7.1420002,0,2.503
1973,5,7647,6.606,2.878,21.655,0,6.606,.204,.429,.181,2.031,.968,1.645,4.677,7.425,0,0,1.463,.183,1.168,1.693,8.631,.307,3.543,0,.188,0,7.179,3.724,22.861,0,7.179,.377,.282,.124,1.539,.977,2.062,3.922,4.722,0,0,2.167,.152,.72,1.008,7.701,1.018,3.697,0,.352,0,6.606,2.878,21.655,0,0,6.606,.204,0,0,.304,7.179,3.724,22.861,0,0,7.179,.377,0,0,.527,0,1.463,.183,1.168,.002,1.693,0,.422,8.631,0,0,0,2.167,.152,.72,.015,1.008,0,.552,7.701,0,0,.199,1.191,.429,.181,.322,2.031,0,0,.186,0,1.145,.281,1.35,.282,.124,.243,1.539,0,0,.23,0,1.317,38.250999,5.684,3.45,14.419,.801,13.562,0,4.033,5.263,7.6160002,1.599,0,1.951,0,3.3729999,41.847,5.3670001,3.914,11.124,.92900002,12.315,0,4.5689998,4.5500002,9.6630001,1.069,0,2.049,0,2.6029999,38.250999,3.45,.29300001,.44600001,.22,.42899999,3.0280001,.5,0,.013,15.686,3.6070001,.37099999,.80800003,4.1290002,.051,0,10.515,7.6160002,0,7.2129998,0,3.3729999,41.847,3.914,.207,.28600001,.112,.28200001,2.7750001,1.5089999,0,.051,11.998,3.2260001,.46000001,.81199998,3.118,.116,0,10.421,9.6630001,0,6.599,0,2.6029999
1974,6,9364,9.355,1.81,39.161,.923,7.375,.318,.229,.168,.535,.229,.328,2.114,.922,.02,.045,1.157,.005,.429,.739,.029,2.487,2.258,.129,.199,1.115,9.329,1.711,38.969,1.207,7.605,.393,.1,.127,.484,.149,.315,1.626,.624,.024,.026,1.868,.038,.401,.625,.051,2.825,1.6,.123,.321,1.51,9.355,1.81,39.161,.923,.034,7.375,.318,.014,.02,.078,9.329,1.711,38.969,1.207,.058,7.605,.393,.012,.024,.163,0,1.363,.005,.429,.001,.739,.013,.238,.029,0,0,.034,2.036,.038,.401,0,.625,.004,.557,.051,.048,0,.274,.463,.229,.168,.133,.535,0,.069,.012,.002,.227,.264,.282,.1,.127,.095,.484,0,.056,.065,.01,.154,59.131001,2.112,.76599997,4.9060001,.68199998,2.8169999,0,8.0200005,3.28,10.761,.69400001,.006,1.4119999,.491,4.9219999,59.429001,1.636,.59500003,3.7579999,.49200001,3.711,.048,8.9860001,2.303,12.102,.55599999,0,1.568,.336,4.4780002,59.074001,.77100003,.22499999,.51700002,.27200001,.229,.75300002,7.046,.045,.071,5.4879999,1.4400001,.021,.31099999,1.187,.008,0,1.63,10.761,.046,4.6919999,.491,4.9219999,59.389999,.59500003,.15099999,.26800001,.28299999,.1,.75,7.9959998,.026,.042,4.2309999,1.08,.121,.338,1.101,0,0,2.691,12.102,.048,3.8710001,.336,4.4780002
1975,3,4690,10.265,7.777,37.012,4.927,2.893,.379,.145,.022,1.231,.403,.299,3.572,1.055,0,0,1.525,.047,.355,.811,0,1.347,3.823,0,.109,.336,9.867,9.037,34.747,5.188,2.747,.243,.131,.051,.258,.461,.41,2.359,.951,0,0,1.931,.231,.195,.492,0,2.767,2.763,0,.128,1.006,10.265,7.777,37.012,4.927,0,2.893,.379,0,0,1.021,9.867,9.037,34.747,5.188,0,2.747,.243,0,0,1.321,0,1.525,.047,.355,0,.811,0,.529,0,0,0,0,1.931,.231,.195,0,.492,0,.729,0,0,0,.094,.148,.145,.022,.096,1.231,0,0,.066,0,.207,.066,.189,.131,.051,.031,.258,0,0,.009,0,.117,63.345001,2.0109999,.80199999,6.6830001,1.322,3.267,0,3.7750001,6.993,5.2379999,1.041,0,1.9069999,0,3.6159999,62.136002,.85100001,.94800001,4.4720001,1.484,3.5780001,0,7.5019999,4.5139999,9.9329996,.77499998,0,1.783,0,2.0239999,63.345001,.80199999,.23199999,.29300001,.085,.145,.53200001,2.957,0,0,7.4289999,2.6129999,.161,.37799999,1.2130001,.008,0,2.0539999,5.2379999,0,8.8999996,0,3.6159999,62.136002,.94800001,.108,.12899999,.061,.131,.63599998,6.3460002,.008,.051,5.1290002,1.6,.024,.82599998,.91799998,.034,0,2.6600001,9.9329996,0,6.2969999,0,2.0239999
1976,2,3329,9.003,18.387,28.746,5.11,.82,.124,.28,.391,.861,.349,.225,5.775,1.168,.077,0,2.108,.352,.599,1.269,.091,1.794,2.634,.178,.205,0,10.25,15.543,29.045,4.527,.658,.434,.2,.44,.579,.522,.392,5.131,.599,.164,.143,2.358,.58,.619,1.044,.445,2.926,2.257,.206,.559,.057,9.003,18.387,28.746,5.11,.062,.82,.124,.077,.077,1.774,10.25,15.543,29.045,4.527,0,.658,.434,.129,.164,2.138,.288,2.17,.352,.599,0,1.269,.021,.717,.091,0,.136,.482,2.465,.58,.619,.012,1.044,.012,1.028,.445,.086,.253,3.514,1.407,.28,.391,.253,.861,.062,.021,.079,0,.293,2.951,.991,.2,.44,.024,.579,.238,.036,0,0,.063,62.537998,7.1599998,.667,7.691,2.757,5.2189999,.13600001,3.6860001,3.948,3.1900001,.23199999,0,1.1849999,0,1.591,60.827999,5.5209999,.98900002,6.4450002,2.974,6.2049999,.33899999,5.348,2.904,4.9850001,.156,0,2.02,0,1.286,63.084999,.667,.5,.80699998,3.5409999,.28,.99900001,2.4809999,0,0,7.8140001,3.6389999,.115,.493,2.529,.022,.13600001,2.9779999,3.1900001,0,5.1329999,0,1.591,61.806,.98900002,.49700001,.329,2.9360001,.2,1.286,4.026,.14300001,0,6.5440001,2.5650001,.014,.373,2.75,.071,.25299999,4.0240002,4.9850001,0,4.9239998,0,1.286
1977,2,3033,6.68,8.348,22.411,8.348,0,.332,.343,.216,1.373,.708,.754,5.716,1.467,0,0,1.881,1.043,.604,1.655,0,8.332,3.005,0,.015,0,7.277,8.458,23.008,8.458,0,.387,.152,.164,.161,.825,1.081,3.691,.958,0,0,2.493,1.638,.75,2.186,0,10.629,2.863,0,0,0,6.68,8.348,22.411,8.348,0,0,.332,0,0,2.927,7.277,8.458,23.008,8.458,0,0,.387,0,0,3.239,.143,1.881,1.043,.604,0,1.655,0,.923,0,0,0,.273,2.493,1.638,.75,0,2.186,0,1.169,0,0,0,.237,0,.343,.216,.533,1.373,0,.568,.159,0,.594,.208,0,.152,.164,.366,.161,0,.091,.127,0,.588,46.368,4.0240002,1.5369999,9.3470001,3.267,6.1069999,0,14.075,5.2459998,1.442,.26499999,0,1.658,0,6.664,47.903999,1.857,2.0599999,5.342,3.2780001,8.2360001,0,17.254,4.2090001,3.073,.112,0,2.5090001,0,4.165,46.689999,1.5369999,.28099999,.34,0,.34299999,1.163,12.498,0,.035,9.5480003,5.2810001,.36000001,.66299999,3.4449999,0,0,2.8039999,1.442,0,6.9039998,0,6.664,48.570999,2.0599999,.31999999,.039,0,.152,.86400002,15.943,0,.008,5.2989998,3.1900001,.32699999,.76200002,4.8460002,0,0,3.6619999,3.073,0,6.7179999,0,4.165
1978,6,9314,10.705,3.812,41.855,6.552,.323,.803,.425,.228,1.204,.525,.466,3.242,.743,.03,0,2.088,.379,.432,1.607,.085,4.395,2.816,.076,.038,.02,11.379,3.651,42.274,6.761,.436,.716,.252,.206,.375,.597,.57,1.479,.648,.103,0,2.559,1.165,.531,1.279,.056,5.151,2.12,.033,.105,0,10.705,3.812,41.855,6.552,.035,.323,.803,.025,.03,1.915,11.379,3.651,42.274,6.761,.037,.436,.716,.103,.103,2.334,.093,2.088,.379,.432,.02,1.607,.029,.748,.085,.02,.056,.21,2.559,1.165,.531,.016,1.279,.027,1.067,.056,.084,.109,.285,.495,.425,.228,.277,1.204,.081,0,.089,0,.466,.268,.175,.252,.206,.12,.375,.023,0,.149,.005,.24,64.530998,3.55,1.0319999,4.8590002,2.141,5.388,.076,7.4819999,4.329,2.401,.29699999,0,.87400001,0,3.0409999,65.742996,1.812,1.181,3.368,2.6630001,6.6999998,.193,8.2229996,2.9749999,3.204,.19599999,.05,1.262,0,2.4289999,65.021004,1.0319999,.31,.138,.226,.42500001,.75999999,6.4899998,0,0,5.0739999,3.4960001,.183,.583,2.5799999,.032,.056,2.941,2.401,.009,5.2030001,0,3.0409999,66.849998,1.222,.245,.11,.14300001,.252,.509,7.5469999,0,.018,3.526,1.8329999,.292,.458,3.2279999,.013,.124,3.7509999,3.204,.009,4.237,0,2.4289999
1979,5,7595,11.364,1.721,36.479,2.763,0,.161,.094,.056,.63,.235,.22,2.045,.851,0,.035,1.97,.315,.428,1.485,.316,14.61,4.039,0,0,0,11.714,1.321,36.271,2.449,0,.271,.158,.043,.4,.201,.197,.618,.175,0,.015,2.667,.587,.362,1.15,.256,16.947,3.738,0,0,0,11.364,1.721,36.479,2.763,0,0,.161,0,0,.979,11.714,1.321,36.271,2.449,0,0,.271,0,0,1.215,.029,1.97,.315,.428,0,1.485,.219,.66,.316,0,0,.054,2.667,.587,.362,0,1.15,.049,.908,.256,0,0,.945,0,.094,.056,.028,.63,0,0,.095,0,.557,.424,0,.158,.043,.034,.4,0,0,.042,0,.344,52.557999,2.4059999,.45500001,3.4319999,1.0420001,5.3920002,0,19.474001,6.0019999,3.2130001,.40400001,0,1.454,0,4.1680002,52.178001,1.444,.39700001,1.465,1.284,5.98,0,22.75,5.079,5.349,.34900001,0,1.737,0,1.988,53.051998,.45500001,.154,0,0,.094,.223,19.077,.228,.053,3.7379999,2.2049999,.19,.23999999,2.4749999,.029,0,2.9460001,3.2130001,.005,7.4559999,0,4.1680002,52.555,.39700001,.106,0,0,.15800001,.28600001,22.214001,.237,.006,1.751,1.564,.084,.35499999,2.2030001,.054,0,3.8310001,5.349,.046,6.816,0,1.988
1980,16,23716,16.525,3.667,33.129,3.416,1.609,.071,.056,.098,.157,.066,.053,.567,.284,.019,.172,5.051,.607,.653,2.487,5.957,3.623,1.356,.003,.56,.535,16.943,3.6,33.942,3.594,1.467,.148,.069,.029,.113,.113,.083,.306,.111,.048,.14,5.978,.969,.63,2.396,4.289,5.392,1.313,.008,1.038,1.013,16.525,3.667,33.129,3.416,.003,1.609,.071,.019,.019,.701,16.943,3.6,33.942,3.594,.004,1.467,.148,.048,.048,.877,.141,5.051,.607,.653,2.402,2.487,3.386,.429,5.957,0,.044,.16,5.985,.969,.63,1.265,2.396,2.025,.609,4.289,.019,.078,.306,.16,.056,.098,.033,.157,.008,0,.074,0,.283,.226,.108,.069,.029,.023,.113,.01,.002,.019,.002,.235,58.52,1.175,.122,1.4170001,.94099998,20.972,.044,4.4229999,1.954,2.954,.096,.004,3.052,0,4.3270001,59.868999,.83600003,.2,1.003,1.146,18.167999,.097,6.4419999,1.724,5.158,.045,0,2.9360001,0,2.3770001,58.764,.126,.149,.013,.133,.056,.146,4.2589998,.366,.005,1.462,.829,.152,.077,9.6750002,.018,.044,11.437,2.954,.004,5.006,0,4.3270001,60.290001,.2,.054,.019,.097,.069,.094,6.3210001,.30899999,.025,1.023,.64499998,.043,.15899999,7.454,.015,.078,10.902,5.158,.01,4.6599998,0,2.3770001
1981,9,13619,21.125,5.836,37.115,3.749,.555,.162,.015,.007,.453,.092,.155,2.636,.454,0,.072,2.671,.497,.282,2.242,1.113,2.1,3.013,0,.351,.628,20.399,5.134,37.629,3.27,.713,.2,.013,0,.365,.127,.21,1.627,.287,0,.072,3.928,1.242,.142,2.154,1.104,3.325,2.189,0,.542,.359,21.125,5.836,37.115,3.749,0,.555,.162,0,0,.947,20.399,5.134,37.629,3.27,0,.713,.2,0,0,1.259,.117,2.671,.497,.282,0,2.242,.048,.144,1.113,0,0,.066,3.928,1.242,.142,0,2.154,.034,.206,1.104,0,0,2.025,.138,.015,.007,.034,.453,0,0,.01,0,.286,1.335,.116,.013,0,.083,.365,0,0,.017,0,.207,68.961998,2.9679999,.255,3.3340001,1.087,6.9959998,0,2.6040001,3.608,2.9089999,.011,0,2.277,0,4.9889998,68.042999,2.1370001,.34099999,2.1949999,1.4119999,8.8100004,0,3.8789999,2.6440001,3.777,.032,0,2.8870001,0,3.842,69.147003,.255,.034,0,0,.015,.12,2.444,.14399999,0,3.3180001,3.0780001,.02,.45899999,3.1849999,.068,0,3.928,2.9089999,0,5.8850002,0,4.9889998,68.269997,.34099999,.024,0,0,.013,.078,3.7490001,.14300001,.003,2.2030001,2.2820001,.035,.75099999,3.6389999,.082,0,5.2379999,3.777,0,5.5320001,0,3.842
1982,11,17539,17.57,28.641,17.962,1.714,.411,.17,.01,.447,1.018,.052,.116,2.236,.055,.088,.01,3.133,.433,1.486,3.608,.733,.533,2.191,.003,.264,1.04,17.681,27.695,18.101,2.056,.66,.115,.013,.31,.691,.036,.121,1.543,.046,.158,0,3.222,.706,1.176,2.713,.828,.804,1.574,.006,.439,.954,17.57,28.641,17.962,1.714,.01,.411,.17,.131,.088,1.406,17.681,27.695,18.101,2.056,0,.66,.115,.21,.158,2.363,.377,3.148,.433,1.486,.006,3.608,.009,.053,.733,0,.047,.543,3.241,.706,1.176,.005,2.713,.022,.082,.828,0,.089,1.737,.473,.01,.447,.161,1.018,.017,.005,.025,.002,.339,1.365,.189,.013,.31,.106,.691,.013,.006,.018,.003,.255,67.813004,4.2360001,.192,2.3499999,1.854,9.4770002,.047,.62,2.8139999,2.214,.013,0,3.9449999,0,4.4260001,69.345001,2.9679999,.17,1.605,3.0380001,8.7740002,.089,.884,2.0969999,3.5079999,0,0,4.8720002,0,2.6500001,68.725998,.192,.45300001,.076,.61199999,.01,.01,.60100001,.042,.017,2.3570001,3.164,.079,.219,5.9180002,.142,.047,3.9349999,2.214,0,6.7589998,0,4.4260001,70.982002,.17,.31299999,.063,.472,.013,.008,.875,.051,.008,1.602,2.2650001,.055,.33399999,5.178,.243,.089,4.151,3.5079999,.001,6.9679999,0,2.6500001
1983,8,12023,10.103,32.536,9.718,2.076,1.325,.131,0,0,1.044,.018,.037,1.893,0,0,.071,4.965,1.248,4.847,6.461,.976,.34,3.198,0,.158,.913,10.669,33.066,8.931,2.248,1.234,.099,0,0,.734,.056,.111,1.54,0,0,.024,6.715,1.886,4.134,5.45,1.686,.528,2.759,0,.22,.635,10.103,32.536,9.718,2.076,0,1.325,.131,.275,0,1.73,10.669,33.066,8.931,2.248,0,1.234,.099,.413,0,2.767,.427,4.965,1.248,4.847,0,6.461,0,.108,.976,0,.108,.68,6.715,1.886,4.134,0,5.45,0,.167,1.686,0,.167,2.305,.131,0,0,0,1.044,0,0,0,0,.131,1.868,.099,0,0,0,.734,0,0,0,0,.099,56.542999,3.6110001,.055,1.893,2.3329999,18.607,.108,.61199999,4.52,2.3829999,0,0,4.0019999,0,5.3330002,57.356998,2.8,.167,1.54,3.6229999,20.037001,.167,.91399997,3.7509999,2.9119999,0,0,3.605,0,3.1270001,57.543999,.055,0,0,0,0,.237,.375,.071,0,1.893,3.868,0,.31999999,12.984,.257,.108,6.0489998,2.3829999,0,8.5220003,0,5.3330002,58.966999,.167,0,0,0,0,.228,.685,.024,0,1.54,3.2190001,0,.472,12.15,.41800001,.167,8.5670004,2.9119999,0,7.3559999,0,3.1270001
1984,11,14459,11.976,18.601,5.927,1.536,1.566,.026,.486,0,.683,.058,.091,1.802,.337,3.13,.223,5.559,1.013,8.452,8.351,1.462,.097,3.606,.047,.486,1.195,12.493,17.022,5.709,1.329,2.113,.055,.294,0,.502,.034,.068,1.09,.18,7.858,.176,7.388,1.473,6.248,6.195,1.813,.179,3.766,.185,1.165,1.613,11.976,18.601,5.927,1.536,0,1.566,.026,.101,3.13,1.714,12.493,17.022,5.709,1.329,0,2.113,.055,.241,7.858,3.162,.509,5.559,1.013,8.452,0,8.351,0,0,1.462,0,.086,.731,7.388,1.473,6.248,0,6.195,0,0,1.813,0,.076,4.904,.069,.486,0,.15,.683,.066,.307,0,0,.15,3.895,.048,.294,0,.054,.502,.015,.099,0,0,.054,40.293999,6.8169999,.149,2.1389999,5.3439999,24.837,.086,.184,4.5,2.5220001,0,0,5.7179999,.192,7.2179999,39.952,4.96,.101,1.271,11.758,23.117001,.076,.40599999,4.5549998,4.3119998,0,0,5.0749998,.106,4.3109999,44.423,.156,0,.025,0,.486,.064,.12,.223,0,2.1389999,6.4850001,0,.152,18.325001,.152,.086,7.0209999,2.5220001,0,10.21,.192,7.2179999,49.806,.101,0,0,0,.294,.19,.21600001,.176,0,1.271,5.0209999,0,.32100001,14.648,.32100001,.076,9.2010002,4.3119998,0,9.6300001,.106,4.3109999
1985,8,12089,6.969,11.413,4.794,5.197,1.337,.063,1.963,.076,1.565,.219,.208,5.835,1.163,5.877,.222,4.485,.685,8.606,7.52,.842,.02,4.576,.121,.319,.531,6.352,9.356,4.228,4.519,1.644,.263,1.972,.12,.786,.242,.278,4.267,.803,12.674,.208,4.955,.832,7.771,6.544,1.002,.039,3.291,.041,.52,.83,6.969,11.413,4.794,5.197,0,1.337,.063,0,5.877,3.532,6.352,9.356,4.228,4.519,0,1.644,.263,0,12.674,5.414,.237,4.744,.685,8.606,.664,7.52,0,0,.842,0,.604,.279,5.032,.832,7.771,.701,6.544,0,0,1.002,0,1.382,3.92,.37,1.963,.076,.271,1.565,.044,2.214,0,0,.271,4.019,.36,1.972,.12,.206,.786,.073,1.565,0,0,.206,29.903999,10.695,.43599999,7.079,10.299,23.061001,.60399997,1.016,5.954,1.277,0,0,5.8990002,.69400001,3.0829999,26.705,9.309,.51899999,5.1170001,18.819,21.882,1.382,1.059,4.1399999,2.3039999,0,0,5.8280001,.53899997,2.3970001,39.014,.53299999,1.017,.66900003,0,1.9630001,.117,.02,.222,0,6.9980001,8.717,0,0,17.712,0,.60399997,5.586,1.277,.02,11.756,.69400001,3.0829999,44.507,.63,.97000003,.523,0,1.972,.206,.039,.208,0,5.0700002,7.224,0,0,16.128,0,1.382,6.0339999,2.3039999,.012,9.8570004,.53899997,2.3970001
1986,8,12117,5.247,11.295,6.571,3.47,2.07,.034,.687,2.806,4.835,.213,.054,1.864,5.336,4.766,.426,4.184,.777,7.771,5.191,1.822,.439,2.417,.087,.653,.699,5.004,12.164,6.432,2.942,3.027,.097,.552,2.346,2.986,.111,.041,1.168,4.859,9.384,.625,4.346,1.118,6.322,4.082,2.439,.528,1.767,.066,.925,.978,5.247,11.295,6.571,3.47,0,2.07,.034,0,4.766,.537,5.004,12.164,6.432,2.942,0,3.027,.097,0,9.384,.656,.4,4.184,.777,7.771,3.986,5.191,.808,.834,1.822,0,.671,.446,4.346,1.118,6.322,3.96,4.082,.453,.64,2.439,0,1.811,.519,.453,.687,2.806,.579,4.835,.051,4.417,0,.68,.579,.531,.536,.552,2.346,.324,2.986,.044,2.391,0,.23,.324,28.709999,15.606,.37099999,10.474,7.296,25.372,.671,1.039,5.3080001,1.84,.146,.233,1.882,.52700001,.52700001,29.737,10.265,.18000001,9.2849998,12.455,23.361,1.811,1.239,4.5749998,2.6830001,.027,.28600001,3.3859999,.35499999,.35499999,33.612999,.65100002,4.086,1.566,0,.68699998,.43700001,.43900001,.426,0,9.5019999,11.433,.68000001,0,18.933001,0,.671,6.8390002,1.84,0,7.1430001,.52700001,.52700001,39.287998,.46700001,3.7049999,1.79,0,.55199999,.37099999,.528,.625,0,8.2740002,7.1760001,.23,.005,16.382,0,1.811,7.4250002,2.6830001,.018,7.9619999,.35499999,.35499999
1987,8,14383,6.142,7.306,4.75,4.542,1.581,.127,.619,1.509,4.098,.29,.205,2.666,6.569,5.673,.426,5.321,.547,7.027,4.315,1.375,.152,2.242,.126,.431,.928,6.86,7.676,4.372,4.735,2.024,.188,.715,1.202,2.057,.38,.321,1.648,4.808,11.337,.456,6.336,.683,4.865,3.191,1.971,.12,1.848,.207,.53,1.079,6.142,7.306,4.75,4.542,0,1.581,.127,.267,5.939,2.133,6.86,7.676,4.372,4.735,0,2.024,.188,.512,11.849,2.872,1.196,5.321,.547,7.027,.754,4.315,2.08,.265,1.379,0,1.183,1.378,6.336,.683,4.865,.821,3.191,2.041,.291,1.985,0,3.268,.636,.587,.619,1.509,.594,4.098,.035,3.543,.093,.391,.594,.626,.557,.715,1.202,.2,2.057,.068,1.856,.04,.175,.2,24.829,12.698,.523,10.503,9.2220001,21.688,1.183,2.9460001,5.4239998,3.1170001,.14,.17,3.8789999,.991,2.687,26.339001,7.6950002,.72000003,7.4959998,16.167999,20.212999,3.2679999,2.0450001,4.342,4.257,.053,.093,4.6329999,.77100003,1.905,31.862,.75099999,3.984,.45699999,0,.61900002,.50999999,.152,.426,0,10.548,10.198,.484,.005,15.919,0,1.183,6.9650002,3.1170001,.039,9.1049995,.991,2.687,40.150002,.83600003,2.7520001,.479,0,.71499997,.42399999,.12,.456,0,7.46,5.6079998,.215,.022,12.979,0,3.2679999,8.6129999,4.257,.033,8.9390001,.77100003,1.905
1988,4,4882,6.66,5.942,1.473,.295,.793,0,.821,1.262,2.057,.214,.348,4.865,21.606,6.134,.243,3.464,.131,5.593,2.343,.714,.202,6.884,0,.545,.642,7.568,6.87,1.855,.304,.707,.017,1.197,1.122,1.244,.276,.421,3.613,19.246,12.448,.199,3.725,.218,3.524,1.264,1.204,.18,4.656,0,.896,.632,6.66,5.942,1.473,.295,0,.793,0,.47,6.604,.219,7.568,6.87,1.855,.304,0,.707,.017,1.069,13.518,.205,.219,3.464,.131,5.593,.175,2.343,.493,.156,.714,0,1.14,.205,3.725,.218,3.524,.225,1.264,.534,.26,1.204,.018,3.296,.635,.031,.821,1.262,.116,2.057,0,2.076,.371,.371,.116,.453,.155,1.197,1.122,.052,1.244,0,.899,.164,.164,.052,15.49,7.8540001,.56199998,26.702999,7.6859999,13.07,1.14,6.691,7.4679999,2.5190001,.22,.081,6.5009999,0,4.0159998,17.714001,5.5029998,.69700003,22.997,15.068,10.953,3.313,5.7859998,5.1550002,3.3469999,.122,.131,7.0440001,0,2.171,22.533001,.64300001,6.1290002,.15000001,0,.82099998,1.303,.20200001,.243,.061,26.948,4.9689999,.741,.24600001,8.9540005,0,1.14,4.335,2.5190001,.147,13.901,0,4.0159998,32.257999,.82800001,5.7969999,.077,0,1.197,.86000001,.18000001,.199,0,23.103001,2.855,.329,.13500001,5.9699998,0,3.296,5.2059999,3.3469999,.055,12.137,0,2.171
1989,14,22797,6.668,2.485,1.406,.009,.383,0,3.095,1.461,1.707,.089,.223,6.268,37.311,5.732,.023,1.136,0,1.43,1.101,.229,.009,3.273,0,.151,.004,7.739,2.121,1.39,.05,.534,0,2.632,.941,1.168,.06,.214,5.464,35.835,10.185,.05,1.361,0,1.278,.714,.346,.035,2.65,0,.311,.04,6.668,2.485,1.406,.009,.015,.383,0,.356,6.088,.324,7.739,2.121,1.39,.05,.02,.534,0,.702,10.887,.546,.124,1.136,0,1.43,.128,1.101,.005,.126,.229,0,.432,.135,1.361,0,1.278,.182,.714,.036,.175,.346,0,1.396,1.618,.071,3.095,1.461,.105,1.707,0,1.32,.409,2.601,.053,1.703,.037,2.632,.941,.044,1.168,0,.733,.266,1.456,.022,11.005,12.44,.31200001,44.561001,6.8000002,4.1550002,.43200001,8.4189997,3.9660001,1.171,0,.026,3.404,.69099998,2.6170001,11.952,9.0019999,.27399999,41.742001,12.184,4.0910001,1.396,8.4040003,3.098,1.536,0,.031,3.9790001,.479,1.83,17.634001,.33899999,5.6669998,.008,.015,3.095,4.2750001,.009,.023,.039,44.513,4.835,3.01,0,2.7880001,0,.43200001,1.49,1.171,0,7.348,.69099998,2.6170001,23.931,.30500001,4.0300002,0,.02,2.632,5.2810001,.035,.05,0,41.757,3.707,1.722,0,2.345,0,1.396,1.881,1.536,0,7.0630002,.479,1.83
1990,13,15518,7.719,3.185,1.771,.488,1.337,0,2.232,1.256,3.509,.129,.523,2.121,25.614,5.924,.041,2.706,.012,.794,2.52,4.468,.293,2.948,.332,.493,.074,9.131,4.041,2.372,.299,1.712,.014,2.188,.93,1.865,.094,.823,2.185,20.614,11.171,.07,2.473,.021,.465,1.625,3.85,.712,3.004,.544,.911,.075,7.719,3.185,1.771,.488,.04,1.337,0,.163,6.423,.334,9.131,4.041,2.372,.299,.074,1.712,.014,.191,12.455,.302,.062,2.706,.012,.794,.03,2.52,.97,.276,4.468,.099,.453,.072,2.473,.021,.465,.092,1.625,.85,.351,3.85,.196,1.414,1.619,.01,2.232,1.256,.172,3.509,.091,2.394,0,4.433,.241,1.845,0,2.188,.93,.154,1.865,.198,1.284,0,2.283,.143,14.597,15.958,.653,27.822001,6.961,11.777,.55199999,5.5669999,4.1259999,1.923,.126,.034,4.7020001,.53399998,4.6669998,17.715,10.891,.917,22.861,13.061,9.7250004,1.609,6.1110001,3.8499999,3.6800001,.017,0,5.822,.45699999,3.2820001,21.483,.68699998,2.4059999,0,.04,2.2320001,4.1830001,.29300001,.041,0,27.9,7.9450002,4.4330001,.041,4.3889999,0,.55199999,7.4499998,1.923,0,8.8000002,.53399998,4.6669998,30.694,.917,1.818,.043,.074,2.188,4.4970002,.71200001,.07,0,22.830999,5.2870002,2.283,.082,3.128,0,1.609,6.6729999,3.6800001,0,9.6719999,.45699999,3.2820001
1991,16,19447,16.536,9.004,1.81,.82,.664,0,4.593,2.196,2.194,.053,.287,4.235,10.196,4.359,0,2.906,0,.484,8.121,2.675,.124,5.111,0,.022,.091,21.617,9.027,1.879,1.021,.995,0,4.32,1.885,1.288,.092,.305,3.439,8.6,8.345,.035,2.076,0,.235,5.878,1.586,.429,4.746,0,.058,.07,16.536,9.004,1.81,.82,0,.664,0,0,4.359,0,21.617,9.027,1.879,1.021,0,.995,0,0,8.345,0,0,2.906,0,.484,.045,8.121,.031,0,2.675,0,.551,0,2.076,0,.235,0,5.878,.018,0,1.586,0,1.421,1.412,0,4.593,2.196,0,2.194,0,2.054,0,5.559,0,1.307,0,4.32,1.885,0,1.288,0,1.207,0,2.982,0,28.915001,18.007,.34999999,14.46,4.3590002,14.262,.551,4.0710001,5.3520002,.95300001,0,0,6.296,.091,2.3340001,34.691002,12.99,.40400001,12.039,8.3800001,9.7919998,1.421,4.5900002,4.803,1.383,0,0,7.7529998,.085,1.669,33.273998,.34999999,3.4519999,0,0,4.5929999,2.72,.124,0,0,14.603,5.6599998,5.559,0,8.6800003,0,.551,5.5819998,.95300001,0,11.475,.091,2.3340001,43.035999,.40400001,2.8859999,0,0,4.3200002,3.1589999,.42899999,.035,0,12.039,3.802,2.9820001,0,6.131,0,1.421,3.6619999,1.383,0,12.556,.085,1.669
1992,9,11680,27.744,18.471,1.785,1.819,.72,0,2.946,3.276,1.696,.271,1.041,2.681,5.744,2.856,0,1.11,.005,.178,.294,.068,0,2.784,0,.164,.263,30.757,17.519,1.452,1.677,1.161,0,2.304,2.421,.994,.227,1.023,1.843,3.681,5.398,.063,1.812,.008,.123,.217,.186,0,2.717,0,.32,.314,27.744,18.471,1.785,1.819,.097,.72,0,.118,2.974,.005,30.757,17.519,1.452,1.677,.06,1.161,0,.096,5.495,.06,.005,1.11,.005,.178,0,.294,0,.315,.08,.068,.982,.008,1.812,.008,.123,0,.217,0,.343,.226,.201,2.146,.683,.092,2.946,3.276,0,1.696,.045,1.519,.029,3.757,.091,.786,.156,2.304,2.421,0,.994,.022,.928,.05,2.27,.053,50.752998,14.135,1.377,9.0810003,3.0969999,1.983,1.05,2.145,3.5899999,1.676,.115,0,7.5999999,.073,3.3239999,52.855999,9.9840002,1.267,6.1430001,5.7490001,2.7279999,2.3469999,2.05,3.256,3.3329999,.025,0,7.7519999,.071,2.4400001,53.779999,1.377,4.8210001,0,.097,2.9460001,.83999997,0,0,.016,9.0010004,4.0380001,3.8139999,.044,.48199999,0,1.05,1.506,1.676,0,11.115,.073,3.3239999,58.459999,1.275,3.799,.036,.06,2.3039999,.88099998,0,.063,.04,5.9390001,2.865,2.3310001,.019,.35600001,0,2.3469999,2.3800001,3.3329999,0,11,.071,2.4400001
1993,18,22870,14.348,12.863,1.008,.213,2.367,.011,3.388,13.766,1.785,.214,1.563,9.716,4.367,5.212,.233,1.406,.169,.218,.433,.726,.019,3.451,.019,.585,.486,17.531,13.276,.881,.116,2.812,.013,2.165,9.748,.909,.194,1.539,7.25,3.528,9.941,.227,1.97,.304,.144,.291,.636,.026,2.848,.027,.752,.936,14.348,12.863,1.008,.213,0,2.367,.011,1.363,5.41,.185,17.531,13.276,.881,.116,0,2.812,.013,2.486,10.429,.432,.053,1.406,.169,.218,.008,.433,.103,.305,.738,.015,.357,.059,1.97,.304,.144,0,.291,.096,.334,.646,.027,.893,1.16,1.115,3.388,13.766,.095,1.785,.017,.627,.022,2.075,.686,1.124,.865,2.165,9.748,.06,.909,.027,.453,.033,1.313,.274,30.832001,24.735001,2.118,14.693,7.2379999,3.3789999,.37200001,1.4910001,5.5760002,2.517,.72299999,0,4.474,.019,1.8329999,34.665001,16.972,1.985,11.128,13.61,3.7850001,.92000002,1.5369999,4.1160002,3.707,.58999997,0,5.5500002,.049,1.387,37.745998,2.118,14.877,.047,0,3.388,.59899998,.019,.233,0,15.155,5.4679999,2.0969999,.03,.98299998,0,.37200001,2.4489999,2.517,0,10.051,.019,1.8329999,47.980999,1.985,10.701,.035,0,2.165,.685,.026,.227,.052,11.526,3.618,1.362,.07,.89300001,0,.92000002,2.95,3.707,0,9.6599998,.049,1.387
1994,23,32807,8.024,7.937,.78,.12,.763,.015,1.968,13.918,2.091,.111,.991,25.754,4.822,2.211,.63,1.444,.059,.212,.417,.436,0,4.619,.581,.876,.681,10.627,9.856,.879,.148,1.625,.01,1.879,10.07,1.264,.136,1.223,21.803,4.659,4.834,.701,2.193,.069,.17,.352,.449,.012,3.923,1.01,1.449,1.026,8.024,7.937,.78,.12,0,.763,.015,.052,2.313,.322,10.627,9.856,.879,.148,0,1.625,.01,.154,5.154,.499,.061,1.444,.059,.212,.023,.417,0,.212,.436,0,.105,.106,2.193,.069,.17,.007,.352,0,.305,.449,0,.409,.883,1.235,1.968,13.918,.138,2.091,.039,.653,.846,2.056,.217,1.036,.972,1.879,10.07,.068,1.264,.077,.337,.491,1.123,.132,17.719999,24.042999,1.115,31.701,3.335,2.802,.105,1.283,6.7979999,3.0829999,1.447,0,2.8710001,.062,3.635,23.218,17.448999,1.3710001,27.511,6.598,3.546,.40900001,1.271,5.6279998,5.6030002,.94999999,0,3.7750001,.055,2.6159999,20.354,1.115,14.833,.018,0,1.9680001,.47299999,0,.63,0,33.002998,5.217,2.901,.087,.77200001,0,.105,2.0910001,3.0829999,0,9.6520004,.062,3.635,28.948,1.3710001,10.952,.089,0,1.8789999,.57099998,.012,.70099998,0,28.252001,3.809,1.614,.069,.704,0,.40900001,2.948,5.6030002,0,9.3990002,.055,2.6159999
1995,6,6907,5.52,6.177,2.754,2.321,1.085,0,2.877,6.057,1.47,.329,2.252,17.293,5.891,2.561,.639,1.182,.041,.118,.236,.474,0,4.659,.706,1.116,.462,6.389,6.961,1.923,2.775,2.309,0,2.188,2.566,.668,.473,3.177,12.81,5.079,4.679,.871,1.348,.185,.03,.047,1.452,0,4.595,.976,1.841,.961,5.52,6.177,2.754,2.321,.5,1.085,0,.443,3.931,1.114,6.389,6.961,1.923,2.775,.54,2.309,0,.593,6.875,1.783,.017,1.182,.041,.118,0,.236,0,.411,.474,0,.151,.251,1.348,.185,.03,0,.047,0,.517,1.452,0,.35,.946,4.195,2.877,6.057,.705,1.47,.774,2.189,0,2.907,.705,.587,3.102,2.188,2.566,.324,.668,.913,1.246,0,1.824,.324,18.466,22.823,2.714,23.773001,6.1269999,2.461,.15099999,1.002,7.4889998,3.733,2.1570001,0,5.0180001,.111,3.9749999,21.039,13.742,3.7709999,18.724001,10.122,3.579,.34999999,1.851,6.9200001,7.8270001,1.635,0,6.3730001,.109,3.957,24.139999,2.714,6.7389998,0,.5,2.8770001,.34999999,0,.639,0,26.076,10.209,2.9070001,.07,.41100001,0,.15099999,2.0669999,3.733,0,12.33,.111,3.9749999,30.298,3.7709999,3.677,0,.54000002,2.188,.85799998,0,.87099999,0,20.275,6.2519999,1.824,.115,.514,0,.34999999,3.3169999,7.8270001,0,13.259,.109,3.957
1996,12,12482,5.362,6.675,2.736,1.578,1.472,0,3.941,3.72,1.69,.042,1.353,12.587,4.936,4.227,.771,1.161,.095,.122,.82,.726,.013,3.508,1.596,2.347,.669,6.377,6.616,2.149,1.765,2.399,0,3.249,2.628,1.257,.108,1.76,9.957,4.886,6.442,.972,1.838,.172,.071,.464,.763,0,3.714,2.702,3.073,.964,5.362,6.675,2.736,1.578,.353,1.472,0,1.187,6.889,1.325,6.377,6.616,2.149,1.765,.306,2.399,0,1.676,10.749,2.057,.034,1.161,.095,.122,.685,.82,0,.695,.726,0,.056,.153,1.838,.172,.071,.664,.464,0,.792,.763,0,.234,1.006,4.929,3.941,3.72,.71,1.69,.413,.864,0,2.326,.548,1.08,2.821,3.249,2.628,.304,1.257,.489,.577,0,1.73,.349,18.221001,20.146999,1.411,18.1,10.173,4.3039999,.056,.73799998,8.0719995,5.7940001,2.1760001,0,4.2010002,.189,6.4190001,19.667999,14.485,1.8839999,15.343,15.454,4.7639999,.234,.85399997,7.71,8.7690001,1.233,0,5.2129998,.22400001,4.1659999,27.603001,1.411,4.401,0,.35299999,3.941,.361,.013,.77100003,.014,19.958,9.7329998,2.326,.046,1.756,0,.056,2.582,5.7940001,0,12.273,.189,6.4190001,34.125,1.8839999,3.4330001,0,.30599999,3.2490001,.32300001,0,.972,.025,16.315001,6.3639998,1.73,.056,1.523,0,.234,3.3929999,8.7690001,0,12.911,.22400001,4.1659999
1997,12,12724,6.055,5.591,.87,.015,1.27,0,5.885,4.569,2.802,.174,1.687,15.044,9.888,2.107,.811,2.185,.058,.061,.488,.286,0,7.103,.952,1.398,.582,7.374,5.954,.901,.105,2.781,0,5.135,2.891,1.83,.246,3.207,10.496,8.517,4.113,1.07,2.988,.067,.075,.263,.237,.016,6.676,1.667,2.6,1.274,6.055,5.591,.87,.015,.078,1.27,0,.138,3.204,.219,7.374,5.954,.901,.105,.089,2.781,0,.298,6.439,.4,.102,2.185,.058,.061,.105,.488,.043,.365,.482,.03,.188,.086,2.988,.067,.075,.1,.263,.002,.475,.42,.064,.523,.53,3.647,5.885,4.569,.541,2.802,.191,1.075,0,2.853,.236,.593,2.709,5.135,2.891,.527,1.83,.177,.776,0,1.693,.139,13.909,22.329,1.881,25.524,4.3720002,3.786,.219,1.23,10.999,4.6370001,1.404,0,4.2119999,.36300001,5.1360002,17.285999,16.469,3.4860001,19.343,8.2080002,4.3899999,.58700001,1.76,9.5080004,8.2889996,.88999999,0,4.7480001,.36300001,4.671,17.451,1.881,5.178,0,.078,5.8850002,.847,0,.81099999,0,26.839001,8.8310003,2.8529999,.095,.85600001,0,.219,3.0320001,4.6370001,0,15.008,.36300001,5.1360002,24.343,3.4860001,3.4089999,0,.089,5.1350002,1.234,.016,1.0700001,0,20.173,6.559,1.707,.176,.59299999,0,.58700001,3.8829999,8.2889996,0,14.216,.36300001,4.671
1998,12,12918,5.211,3.232,.757,.169,1.022,0,6.24,5.046,2.647,.037,1.846,9.793,7.34,1.038,.537,2.31,.166,.331,1.4,1.191,0,8.616,1.399,2.255,1.889,6.907,4.318,.799,.252,2.015,0,5.77,3.22,2.012,.061,2.127,7.388,6.414,2.083,.798,3.235,.271,.529,1.101,1.273,0,7.759,2.133,3.015,1.929,5.211,3.232,.757,.169,.095,1.022,0,0,1.778,.28,6.907,4.318,.799,.252,.171,2.015,0,0,3.632,.424,.176,2.31,.166,.331,.671,1.4,.029,.617,2.311,.126,.178,.263,3.235,.271,.529,.686,1.101,.067,.48,2.422,.296,.765,.78,1.909,6.24,5.046,1.135,2.647,.069,.628,0,2.566,.3,1.176,1.351,5.77,3.22,1.494,2.012,.147,.466,.034,1.895,.244,10.525,21.320999,1.883,17.658001,2.608,7.836,.30399999,1.346,13.848,9.6990004,1.902,0,3.027,.221,7.8210001,14.775,17.809,2.188,13.963,4.881,8.79,1.061,1.404,11.779,11.41,1.65,0,3.325,.491,6.474,12.354,2.0810001,5.362,.013,.095,6.2399998,.95099998,0,.537,0,19.584,7.4000001,2.566,.109,2.773,0,.178,5.3649998,9.6990004,0,16.653999,.221,7.8210001,18.294001,2.336,3.4779999,.026,.171,5.77,1.122,0,.79799998,.021,15.613,6.7210002,1.929,.27399999,2.9159999,0,.76499999,6.434,11.41,0,14.956,.491,6.474
1999,13,15046,2.643,2.511,.837,.002,2.054,0,6.893,8.82,2.449,0,1.245,8.11,2.125,1.071,.504,2.853,.306,.114,1.762,2.146,0,6.387,1.392,1.948,.711,4.772,2.689,.815,.02,4.851,0,6.046,6.034,1.815,0,1.264,5.287,2.351,2.176,.453,3.778,.526,.176,1.162,2.337,0,6.138,2.125,2.754,1.026,2.643,2.511,.837,.002,0,2.054,0,.152,2.142,.288,4.772,2.689,.815,.02,0,4.851,0,.325,4.352,.55,.288,2.853,.306,.114,.085,1.762,0,.408,3.567,.011,.086,.55,3.778,.526,.176,.147,1.162,0,.922,3.946,.039,.256,1.576,1.428,6.893,8.82,3.865,2.449,0,.376,0,2.229,.653,1.652,1.275,6.046,6.034,3.782,1.815,0,.231,0,1.485,.407,8.0469999,28.290001,1.253,13.662,3.086,9.0950003,.096,.56599998,10.506,5.7620001,4.8189998,0,4.2090001,.214,10.393,13.146,22.726999,1.272,10.382,5.6810002,10.656,.29499999,.72600001,9.3360004,8.691,3.21,0,4.7870002,.07,9.0190001,10.342,1.253,9.2259998,0,0,6.8930001,.50300002,0,.50400001,0,18.351999,10.348,2.2290001,0,2.5550001,0,.086,6.8379998,5.7620001,0,14.503,.214,10.393,17.823999,1.272,6.5879998,0,0,6.046,.60799998,0,.45300001,.028,13.282,9.1339998,1.485,0,2.5610001,0,.25600001,8.6850004,8.691,0,13.998,.07,9.0190001
2000,14,15854,2.904,1.685,2.106,.262,3.939,0,11.474,12.568,1.417,.048,.913,5.716,1.912,1.224,.453,1.617,.659,.069,.428,.046,.418,3.582,1.267,1.968,.31,4.214,1.913,2.678,.43,6.615,0,8.448,8.189,.878,.119,1.33,4.197,2.284,2.003,.827,2.939,1.435,.069,.333,.136,.988,3.767,2.447,3.57,.571,2.904,1.685,2.106,.262,.229,3.939,0,.516,2.142,.832,4.214,1.913,2.678,.43,.167,6.615,0,.723,3.605,1.746,.465,1.617,.659,.069,.02,.428,0,.164,.075,.049,.21,1.017,2.939,1.435,.069,.073,.333,0,.192,.171,.068,.475,.797,1.252,11.474,12.568,5.714,1.417,.391,.478,0,1.563,1.034,.674,.71,8.448,8.189,5.557,.878,.583,.283,.005,.911,.392,11.317,36.687,1.2180001,10.506,4.0159998,3.0309999,.259,1.587,7.539,4.9330001,1.5880001,0,3.6689999,.94,12.708,16.358,26.628,1.677,9.3450003,6.9400001,5.2140002,.54299998,2.428,6.7930002,8.8479996,.91900003,0,4.1550002,.81699997,9.3360004,14.421,1.283,12.718,.072,.29899999,11.474,.99599999,.41800001,.45300001,.012,12.094,10.574,1.598,.107,1.641,0,.20999999,1.905,4.9330001,0,11.143,.94,12.708,21.684999,1.7130001,8.382,.039,.206,8.448,1.209,.98799998,.82700002,.027,10.264,8.4119997,.93099999,.185,2.927,0,.47499999,3.3710001,8.8479996,0,10.913,.81699997,9.3360004
2001,13,13074,3.801,3.73,5.471,2.744,5.201,0,11.461,9.533,.752,.165,.704,2.866,2.126,.68,.691,1.355,1.676,.062,1.308,.181,1.494,1.714,.304,1.659,.313,5.791,5.021,5.961,4.432,6.789,0,7.36,4.805,.705,.209,.915,1.694,1.549,1.123,.893,1.832,2.028,.102,1.105,.24,2.651,2.139,.486,1.995,.275,3.801,3.73,5.471,2.744,.638,5.201,0,1.041,1.134,.757,5.791,5.021,5.961,4.432,.816,6.789,0,1.584,1.823,1.839,.429,1.355,1.676,.062,1.649,1.308,.017,.285,.321,.017,.201,.837,1.832,2.028,.102,1.263,1.105,.072,.286,.443,.126,.195,1.271,1.092,11.461,9.533,4.616,.752,.18,.358,.007,.752,1.235,1.017,.625,7.36,4.805,3.64,.705,.334,.278,0,.66,.821,22.490999,31.257,1.225,5.9439998,3.668,6.6729999,.21799999,3.1470001,4.573,4.073,1.506,0,2.5139999,.676,12.036,30.434,20.245001,1.293,4.2529998,6.217,7.131,.32100001,5.0599999,4.598,5.9819999,.56699997,0,3.744,.99599999,9.1599998,24.476999,1.421,9.6680002,.044,.77899998,11.461,1.373,1.494,.69099998,.024,7.348,9.0749998,.84200001,.30599999,5.1409998,0,.20100001,1.978,4.073,0,6.8909998,.676,12.036,34.162998,1.478,5.0310001,.078,.88099998,7.3600001,1.942,2.651,.89300001,.025,4.6500001,6.7550001,.88800001,.61000001,5.4200001,0,.19499999,2.687,5.9819999,0,8.1569996,.99599999,9.1599998
2002,13,12254,11.309,3.457,1.566,2.022,1.749,0,5.813,5.652,.817,.055,.631,1.942,.947,.38,.586,1.73,4.12,.311,8.227,1.515,.192,1.532,.348,.833,.041,16.431,3.685,1.607,3.139,2.669,0,3.034,3.089,.601,.09,.826,1.408,.882,.572,.859,2.439,5.136,.083,5.694,1.618,.494,1.599,.553,1.226,.076,11.309,3.457,1.566,2.022,.447,1.749,0,.172,.586,4.497,16.431,3.685,1.607,3.139,.481,2.669,0,.233,.9,4.421,4.37,1.73,4.12,.311,16.346,8.227,0,.312,2.586,.122,0,4.089,2.439,5.136,.083,13.667,5.694,0,.411,2.698,.231,.123,.681,.808,5.813,5.652,1.22,.817,.037,.204,.104,.889,.631,.662,.512,3.034,3.089,1.368,.601,.084,.169,0,.848,.428,21.924999,16.857,1.174,3.3110001,5.8660002,33.632,.122,.98799998,3.3989999,1.8049999,1.6210001,0,4.0739999,.12,5.1069999,30.181999,10.796,1.411,2.763,6.5089998,30.125999,.354,1.598,3.1860001,3.3559999,1.086,0,4.0760002,.2,4.3579998,21.493,1.2460001,5.948,.025,.44999999,5.8130002,.68099999,.192,.58600003,.053,4.7309999,4.3039999,.99400002,.92900002,33.374001,0,0,4.75,1.8049999,0,7.4000001,.12,5.1069999,29.826,1.539,3.3299999,.096,.49599999,3.0339999,.93900001,.49399999,.85900003,.043,3.723,3.6830001,.84799999,1.472,28.669001,0,.123,5.7779999,3.3559999,0,7.1339998,.2,4.3579998
2003,24,20164,17.609,7.687,.84,.155,1.349,0,5.248,7.842,1.14,.05,.571,1.746,.944,.567,.594,1.892,2.251,.125,12.694,4.073,.125,1.591,.576,1.079,1.039,23.752,8.562,.569,.07,1.85,0,2.521,4.898,.763,.096,.812,1.514,.919,.697,.778,2.643,2.916,.134,8.653,2.77,.372,1.523,1.082,1.297,.723,17.609,7.687,.84,.155,.032,1.349,0,.539,.818,.944,23.752,8.562,.569,.07,0,1.85,0,.631,.994,1.095,.504,1.892,2.251,.125,6.679,12.694,.055,.259,5.582,0,.132,.446,2.643,2.916,.134,8.215,8.653,.135,.295,3.999,0,.198,.473,.686,5.248,7.842,.934,1.14,.107,.236,.089,1.178,.878,.654,.767,2.521,4.898,.655,.763,.099,.198,.065,.769,.524,27.900999,18.811001,.78799999,3.1070001,2.9000001,29.535999,.132,.847,4.454,3.631,.736,0,2.142,.257,4.7589998,35.174,11.913,1.138,2.885,3.4979999,26.990999,.198,1.3660001,3.8099999,5.1469998,.523,0,2.9809999,.25299999,4.1220002,29.542999,.92000002,8.4250002,.006,.032,5.2480001,.31600001,.125,.59399998,.044,3.6400001,4.303,1.267,.25400001,22.306999,0,.132,7.7319999,3.631,0,6.4640002,.257,4.7589998,37.175999,1.151,5.5679998,0,0,2.5209999,.493,.37200001,.778,.014,3.2390001,3.5280001,.85299999,.37200001,20.5,0,.198,6.9380002,5.1469998,0,6.7779999,.25299999,4.1220002
2004,19,18283,13.213,7.199,1.193,.011,1.275,0,5.2,10.811,.887,.075,.37,1.098,.934,.507,1.095,3.57,3.959,.066,14.419,5.803,.151,1.409,.632,.411,.142,16.664,7.307,1.182,0,1.669,0,3.035,6.509,.552,.133,.702,1.026,.699,.66,1.645,4.647,5.001,.038,12.29,4.287,.508,1.387,1.11,.588,.217,13.213,7.199,1.193,.011,.135,1.275,0,.429,.608,.752,16.664,7.307,1.182,0,.105,1.669,0,.659,.801,1.345,.403,3.57,3.959,.066,6.495,14.419,.017,.227,6.505,0,.235,.583,4.647,5.001,.038,8.48,12.29,.014,.247,5.003,0,.569,1.281,.649,5.2,10.811,1.46,.887,.068,.364,.15,.721,1.073,1.405,.474,3.035,6.509,1.481,.552,.121,.224,.07,.539,.388,23.239,22.664,1.404,2.484,2.8840001,35.257999,.235,.92000002,3.507,2.77,.49700001,0,2.1800001,.62400001,1.336,27.184999,14.798,1.579,2.2449999,4.4549999,35.719002,.56900001,1.527,2.9260001,4.3309999,.17299999,0,2.8740001,.46700001,1.153,24.346001,1.477,11.339,0,.13500001,5.1999998,.39500001,.15099999,1.095,.009,2.8210001,5.6810002,.89499998,.219,25.358999,0,.235,10.302,2.77,0,5.6129999,.62400001,1.336,29.164,1.737,6.9299998,.006,.105,3.0350001,.76300001,.50800002,1.645,.026,2.2520001,4.487,.62,.25799999,26.406,0,.56900001,9.8970003,4.3309999,0,5.6409998,.46700001,1.153
2005,17,15702,9.427,5.634,.971,.046,.346,0,3.241,4.92,1.722,.004,.393,1.375,.856,.675,1.501,2.637,1.611,.028,12.12,6.736,2.668,2.787,1.097,2.216,.962,10.577,6.017,.963,.042,.542,0,2.026,3.982,.998,.009,.551,.777,.6,1.173,2.568,3.814,1.784,.05,7.649,5.925,5.301,2.549,2.019,2.986,.905,9.427,5.634,.971,.046,.04,.346,0,.119,1.306,.887,10.577,6.017,.963,.042,.034,.542,0,.181,2.288,1.108,.787,2.637,1.611,.028,5.453,12.12,.02,1.078,9.049,0,.16,.8,3.814,1.784,.05,7.933,7.649,0,1.191,7.971,0,.481,.844,.231,3.241,4.92,2.659,1.722,.385,.334,.04,1.635,.307,.877,.32,2.026,3.982,2.199,.998,.742,.254,0,.998,.19,16.594999,16.316999,.81400001,2.559,3.819,31.996,.16,7.1389999,6.4819999,6.0770001,.43000001,0,1.683,.133,5.796,18.346001,12.586,.97299999,1.587,6.1500001,30.392,.48100001,9.0179996,5.0430002,8.3640003,.177,0,2.365,.168,4.349,18.334,.81400001,5.04,.006,.04,3.2409999,.70300001,2.668,1.501,.02,2.9000001,6.0770001,1.675,3.868,20.018999,0,.16,12.764,6.0770001,0,8.165,.133,5.796,21.660999,.97299999,4.0879998,.005,.034,2.026,1.22,5.3010001,2.5680001,.006,1.729,4.8309999,.99800003,2.5969999,18.216,0,.48100001,12.976,8.3640003,0,7.408,.168,4.349
2006,23,22211,7.313,4.429,2.034,.029,.383,0,3.217,4.966,1.389,.016,.387,1.124,.593,.687,3.956,2.881,1.764,.046,17.605,7.182,2.926,2.294,1.31,1.725,.968,8.262,4.472,2.268,.043,.637,0,2.122,3.283,.911,.064,.549,.728,.467,.9,6.251,3.52,1.582,.133,12.878,6.406,5.056,1.93,2.203,2.337,1.105,7.313,4.429,2.034,.029,.055,.383,0,.126,1.17,1.033,8.262,4.472,2.268,.043,.072,.637,0,.19,1.548,1.108,.918,2.881,1.764,.046,6.578,17.605,0,.807,9.005,0,.237,.781,3.52,1.582,.133,7.948,12.878,0,.676,8.171,0,.342,.986,.204,3.217,4.966,.805,1.389,.37,.385,.045,1.301,.335,1.196,.104,2.122,3.283,.661,.911,.345,.249,.021,.792,.193,14.313,14.003,.69300002,1.878,6.2859998,38.686001,.237,4.1820002,5.0180001,6.184,.38999999,0,3.175,.31400001,4.6389999,15.945,9.8769999,.949,1.341,9.0970001,34.907001,.34200001,6.7839999,3.8740001,8.3470001,.08,0,4.5929999,.182,3.6819999,15.97,.70899999,5.086,.002,.055,3.217,.93199998,2.9260001,3.9560001,.004,2.1949999,4.0939999,1.352,.34200001,26.91,0,.237,12.693,6.184,.005,8.1780005,.31400001,4.6389999,18.091,.95300001,3.3900001,0,.072,2.122,1.345,5.0560002,6.2509999,.036,1.347,3.277,.81300002,.49700001,23.322001,0,.34200001,12.367,8.3470001,.044,8.4630003,.182,3.6819999
2007,29,30836,5.655,2.227,2.139,.049,.559,0,2.746,8.067,1.492,.004,.178,1.584,.416,.485,5.764,1.639,1.173,.015,21.347,14.185,1.091,2.458,.847,1.7,.657,6.799,2.847,2.757,.047,.682,0,1.929,5.738,1.036,.008,.336,.79,.403,.864,8.228,2.333,1.568,.015,15.495,11.804,2.54,2.243,1.64,2.62,.835,5.655,2.227,2.139,.049,.133,.559,0,.041,.962,.546,6.799,2.847,2.757,.047,.15,.682,0,.056,1.653,.496,.498,1.639,1.173,.015,3.209,21.347,0,.684,15.267,0,.127,.415,2.333,1.568,.015,4.872,15.495,0,.77,12.879,0,.4,.996,.234,2.746,8.067,.529,1.492,.243,.544,0,1.079,.2,.851,.154,1.929,5.738,.608,1.036,.244,.356,0,.745,.1,10.882,16.129,.37900001,2.1630001,7.3140001,43.333,.127,2.8180001,4.5050001,5.8600001,.47099999,0,2.0090001,.294,3.7149999,13.409,11.762,.60100001,1.378,10.431,37.932999,.40000001,4.3439999,3.74,8.9610004,.30899999,0,3.0250001,.42500001,3.283,11.924,.37900001,8.1140003,0,.133,2.7460001,1.5420001,1.091,5.7639999,.033,2.5999999,3.9630001,1.079,.207,26.240999,0,.127,17.59,5.8600001,.082,6.5139999,.294,3.7149999,15.163,.60100001,5.7880001,0,.15000001,1.929,1.573,2.54,8.2279997,.013,1.641,3.0929999,.745,.24600001,22.365999,0,.40000001,15.982,8.9610004,.109,6.7649999,.42500001,3.283
2008,23,22811,32.303,4.056,4.605,.835,.351,0,1.76,5.636,2.644,0,.131,.71,.292,.586,2.872,1.087,1.117,0,9.616,5.563,2.768,2.455,.709,1.678,.465,33.928,4.279,4.363,.587,.617,0,1.119,2.976,1.73,.019,.374,.52,.204,.724,3.927,1.579,1.15,0,6.991,5.178,4.699,1.705,1.379,2.434,.791,32.303,4.056,4.605,.835,.211,.351,0,.069,1.149,.388,33.928,4.279,4.363,.587,.227,.617,0,.091,1.391,.387,.334,1.087,1.117,0,1.791,9.616,0,.58,5.895,0,.188,.349,1.579,1.15,0,2.848,6.991,0,1.009,5.545,0,.229,.532,.156,1.76,5.636,.356,2.644,.214,.483,.055,.728,.045,.61,.064,1.119,2.976,.303,1.73,.225,.281,.04,.415,.064,42.702,12.609,.48800001,1.1160001,4.4879999,20.086,.18799999,3.994,4.0419998,4.809,.22400001,0,1.903,.36500001,2.9849999,44.466,7.8260002,.64399999,.81,5.7969999,19.122,.229,6.7740002,2.632,6.862,.108,0,2.286,.215,2.23,43.650002,.537,5.6570001,.009,.211,1.76,.78600001,2.921,2.872,0,1.3200001,4.2160001,.78200001,.36399999,12.857,0,.18799999,7.5619998,4.809,.252,5.8959999,.36500001,2.9849999,45.567001,.66399997,3.0409999,0,.227,1.119,1.039,4.9860001,3.927,.059,.87599999,2.993,.45500001,.45899999,11.338,0,.229,8.1339998,6.862,.68400002,4.8969998,.215,2.23
2009,17,17095,34.226,15.223,1.579,.851,.281,0,1.346,11.771,3.524,.004,.235,.553,.278,1.146,.985,.712,.829,.017,3.879,1.645,.161,2.508,.692,1.256,.688,35.355,13.228,1.147,.78,.459,0,.77,7.34,3.204,0,.299,.521,.127,2.161,1.043,1.269,1.299,.045,3.012,1.775,.814,2.167,1.53,2.635,1.065,34.226,15.223,1.579,.851,.461,.281,0,.194,2.239,.557,35.355,13.228,1.147,.78,.502,.459,0,.304,4.258,.857,.288,.712,.829,.017,1.073,3.879,0,.311,1.761,0,.13,.407,1.269,1.299,.045,1.288,3.012,.008,.444,1.816,0,.26,.359,.272,1.346,11.771,.244,3.524,.247,.275,.292,.452,.189,.437,.127,.77,7.34,.044,3.204,.421,.106,.197,.184,.142,53.215,18.973,.55299997,.85299999,3.974,8.5810003,.13,.708,3.973,4.3000002,.236,0,1.804,.273,2.4260001,52.445999,12.973,.57200003,.68000001,6.461,9.1800003,.25999999,1.896,3.4519999,7.2420001,.27500001,0,2.089,.27700001,2.198,55.328999,.57599998,11.811,0,.461,1.346,.45300001,.17,.98500001,.006,1.09,4.8579998,.745,.384,6.086,0,.13,2.7839999,4.3000002,.034,5.7540002,.273,2.4260001,56.748001,.59500003,7.3400002,0,.50199997,.76999998,.73400003,.94800001,1.043,0,.95499998,4.0599999,.38100001,.676,6.059,0,.25999999,3.529,7.2420001,.16599999,5.5170002,.27700001,2.198
2010,23,25072,24.366,22.848,.964,.649,.436,0,1.766,10.311,2.259,.008,.44,.575,.233,1.85,1.782,.816,.77,.006,3.495,1.181,.098,2.292,.984,1.952,.897,26.038,22.409,.802,.389,.642,0,1.03,5.493,1.703,.007,.411,.297,.168,3.185,2.26,.972,.884,.041,2.728,.729,.16,1.961,1.783,3.279,1.37,24.366,22.848,.964,.649,.018,.436,0,.15,3.514,.737,26.038,22.409,.802,.389,.02,.642,0,.337,6.136,.995,.419,.816,.77,.006,1.567,3.495,0,.446,1.208,0,.141,.3,.972,.884,.041,1.226,2.728,0,.605,.765,0,.36,.374,.231,1.766,10.311,.267,2.259,.282,.335,.067,.554,.078,.77,.227,1.03,5.493,.135,1.703,.317,.186,.037,.386,.061,49.796001,16.524,.60100001,.87300003,6.1830001,8.3070002,.141,2.763,3.599,5.9260001,.17900001,0,1.892,.26300001,2.9519999,50.758999,10.344,.52200001,.54100001,9.7329998,7.2189999,.36000001,3.404,2.901,9.4829998,.102,0,2.181,.30399999,2.1470001,53.717999,.60100001,10.338,0,.018,1.766,.74199998,.192,1.7819999,.013,1.03,3.5320001,.62099999,1.942,6.257,0,.141,2.4690001,5.9260001,.206,5.4920001,.26300001,2.9519999,57.834,.52200001,5.5380001,0,.02,1.03,.70700002,.447,2.26,.036,.62300003,3.0469999,.42199999,2.237,5.1789999,.005,.36000001,2.3410001,9.4829998,.377,5.0809999,.30399999,2.1470001
2011,24,25213,24.034,25.008,1.731,.502,.439,0,2.224,5.609,2.809,.015,.324,.376,.264,3.317,1.434,.695,.309,.022,2.5,.288,.321,2.777,1.282,2.115,.963,24.592,23.133,2.026,.413,.512,0,1.864,2.536,1.746,.035,.51,.341,.134,5.075,1.891,.781,.442,.023,2.375,.344,.43,1.831,2.058,3.253,1.425,24.034,25.008,1.731,.502,.041,.439,0,.319,6.634,.733,24.592,23.133,2.026,.413,.084,.512,0,.504,10.149,.924,.248,.695,.309,.022,.645,2.5,0,.757,.288,0,.201,.212,.781,.442,.023,.412,2.375,0,.534,.344,0,.297,.428,.193,2.224,5.609,.522,2.809,.53,.31,.096,.579,.049,.704,.19,1.864,2.536,.326,1.746,.524,.246,.111,.344,.027,52.154999,13.349,.59100002,.73000002,9.1190004,5.217,.20100001,.95300001,4.4689999,7.902,.25600001,0,1.715,.192,3.152,51.400002,8.618,.685,.61900002,13.488,4.9099998,.29699999,1.502,2.7980001,10.548,.124,0,2.4449999,.242,2.323,59.768002,.59100002,5.6459999,0,.041,2.224,.33399999,.43000001,1.434,.006,.96499997,4.3060002,.67500001,.40099999,3.724,0,.20100001,1.74,7.902,.088,6.184,.192,3.152,62.645,.685,2.586,.02,.084,1.864,.419,.67500001,1.891,.054,.70700002,3.1849999,.45500001,.662,3.464,0,.29699999,1.658,10.548,.292,5.243,.242,2.323
2012,19,19290,27.032,22.661,1.402,.479,.597,0,2.421,4.997,2.869,.016,.599,.675,.372,2.451,1.426,.526,.394,0,1.158,.148,.288,2.786,1.61,3.23,1.456,26.311,19.563,1.638,.221,.875,0,1.749,2.683,2.228,.04,.423,.551,.203,4.554,1.302,1.119,.368,0,.974,.365,.497,2.268,2.584,4.815,1.992,27.032,22.661,1.402,.479,.131,.597,0,.174,4.902,.664,26.311,19.563,1.638,.221,.243,.875,0,.29,9.108,.744,.36,.526,.394,0,.233,1.158,0,.512,.148,0,.195,.234,1.119,.368,0,.29,.974,0,.725,.365,0,.206,.555,.362,2.421,4.997,.476,2.869,.815,.341,.088,.543,.09,.195,.51,1.749,2.683,.212,2.228,.845,.176,.132,.234,.005,52.672001,13.557,1.012,1.531,7.1659999,2.973,.19499999,1.075,4.2340002,9.9870005,.29899999,0,1.6440001,.463,3.1930001,49.639999,8.9709997,.76700002,.96700001,11.495,3.8410001,.206,1.6950001,3.372,14.168,.083,0,2.073,.50700003,2.217,58.373001,1.012,5.0250001,0,.131,2.421,.45300001,.308,1.426,0,1.8049999,4.6929998,.63099998,.39399999,2.1459999,0,.19499999,1.187,9.9870005,.278,5.8779998,.463,3.1930001,59.362,.76700002,2.687,.05,.243,1.749,.523,.68400002,1.302,0,1.046,3.3269999,.366,.83899999,1.8660001,0,.206,2.2090001,14.168,.43799999,5.4460001,.50700003,2.217
2013,18,22076,17.363,13.321,1.127,2.146,.574,0,2.508,7.814,2.807,0,.574,1.423,.279,3.047,2.354,1.006,.892,.001,1.349,.597,.108,4.209,2.523,4.738,2.021,18.38,12.29,.873,2.242,.662,0,1.668,4.606,2.067,0,.723,.933,.251,4.317,2.499,1.154,.596,.009,1.284,.766,.181,3.889,3.04,6.537,2.499,17.363,13.321,1.127,2.146,1.239,.574,0,.563,6.094,.75,18.38,12.29,.873,2.242,1.305,.662,0,.895,8.634,.816,.404,1.006,.892,.001,.702,1.349,0,.93,.597,0,.073,.332,1.154,.596,.009,.623,1.284,.001,1.36,.766,0,.123,.571,.84,2.508,7.814,.373,2.807,.825,.628,.04,.715,.179,.363,.696,1.668,4.606,.215,2.067,.961,.337,.027,.443,.041,36.106998,17.299999,1.189,3.437,9.7690001,5.4780002,.073,.80599999,6.0869999,14.2,.56900001,0,1.75,.54400003,2.694,36.187,11.425,1.1670001,2.677,12.85,5.7940001,.123,1.227,5.6100001,17.622,.30700001,0,2.198,.671,2.1440001,42.365002,1.4400001,7.849,.008,1.239,2.5079999,.44,.115,2.3540001,.034,4.0050001,5.3639998,.755,.46200001,3.348,0,.073,2.533,14.2,.084,7.586,.54400003,2.694,45.43,1.375,4.619,.007,1.3049999,1.668,.579,.23800001,2.4990001,.03,2.984,3.6889999,.47,.58700001,2.845,0,.123,3.2809999,17.622,.235,7.5999999,.671,2.1440001
2014,17,16744,10.752,11.087,1.615,1.881,.327,0,2.923,7.264,3.057,.155,1.439,1.753,.537,1.612,5.774,1.427,.892,0,2.143,.747,.138,4.029,1.845,4.109,1.928,14.339,10.433,1.181,2.054,.619,0,2.008,4.575,2.112,.193,1.215,.899,.166,2.621,5.859,1.837,.902,0,1.374,.723,.241,3.188,2.885,5.711,2.32,10.752,11.087,1.615,1.881,1.653,.327,0,.453,3.224,.734,14.339,10.433,1.181,2.054,1.853,.619,0,.685,5.241,1.038,.48,1.427,.892,0,.876,2.143,.041,1.713,.747,0,.116,.579,1.837,.902,0,1.044,1.374,.054,2.178,.723,0,.146,.56,1.099,2.923,7.264,.221,3.057,1.751,1.354,.029,1.217,.032,.453,.939,2.008,4.575,.135,2.112,2.211,.537,.012,.575,.088,27.697001,19.507999,2.1070001,3.1129999,10.185,7.8379998,.116,1.4960001,6.119,14.641,.42300001,0,2.0880001,.83999997,3.829,31.013,13.645,1.857,1.546,12.831,8.1110001,.146,1.643,4.6989999,18.157,.287,0,2.8859999,.65100002,2.5280001,31.374001,2.3770001,7.507,0,1.653,2.9230001,.86699998,.138,5.7740002,.03,3.529,6.2940001,1.247,.50599998,4.4310002,0,.116,3.8870001,14.641,.101,7.9369998,.83999997,3.829,37.234001,2.0569999,4.8049998,0,1.853,2.0079999,.61500001,.241,5.8590002,.008,1.823,4.256,.58700001,.85000002,3.9530001,.008,.146,4.737,18.157,.23899999,7.3850002,.65100002,2.5280001
2015,16,17636,6.606,5.129,1.351,4.03,.259,0,2.793,4.214,1.807,.264,3.243,2.623,.507,.883,4.579,2.057,2.702,.066,2.144,1.192,.191,3.615,2.296,3.376,1.688,7.555,5.474,1.017,5.079,.47,0,2.311,2.596,1.112,.204,3.178,1.11,.38,1.156,5.607,2.646,2.581,.03,1.294,1.18,.297,3.545,3.089,4.455,1.977,6.606,5.129,1.351,4.03,1.992,.259,0,.639,1.766,1.086,7.555,5.474,1.017,5.079,2.05,.47,0,1.015,2.312,1.402,.767,2.057,2.702,.066,7.832,2.144,0,.95,1.192,0,.023,.611,2.646,2.581,.03,6.794,1.294,.006,1.207,1.18,0,.137,1.843,1.331,2.793,4.214,.213,1.807,2.46,.997,.009,.905,.232,2.116,1.206,2.311,2.596,.076,1.112,2.993,.533,.002,.516,.073,19.607,16.804001,3.8940001,5.1279998,8.1009998,16.944,.023,1.9119999,6.3860002,11.389,.505,0,3.671,.61000001,5.026,21.917,13.534,3.6170001,2.5139999,10.357,15.739,.13699999,1.973,5.9689999,14.753,.43000001,0,4.5609999,.82300001,3.677,22.566,4.6430001,4.217,.03,1.992,2.793,1.581,.191,4.579,.038,5.6329999,6.3860002,.91399997,.29100001,13.512,0,.023,4.1999998,11.389,.079,9.3079996,.61000001,5.026,26.705999,4.1609998,2.599,0,2.05,2.3110001,1.46,.29699999,5.6069999,.167,2.944,4.9489999,.51800001,.389,11.317,.02,.13699999,5.033,14.753,.097,9.9860001,.82300001,3.677
2016,4,4936,6.086,4.714,1.245,4.235,.19,0,1.896,2.455,1.247,.262,5.357,2.72,.85,.572,5.008,2.192,3.482,.178,1.477,.261,.031,4.038,2.238,4.533,.857,8.527,5.131,.834,5.413,.409,0,1.553,1.456,.728,.167,5.402,1.328,.825,.821,5.975,3.26,3.208,0,1.136,.632,.188,3.865,2.736,3.505,.761,6.086,4.714,1.245,4.235,1.992,.19,0,1.051,1.536,.805,8.527,5.131,.834,5.413,2.365,.409,0,1.386,2.984,1.302,.338,2.192,3.482,.178,9.109,1.477,0,.346,.261,0,.058,.396,3.26,3.208,0,7.572,1.136,0,.221,.632,0,.253,2.255,1.063,1.896,2.455,.382,1.247,2.713,.584,.026,.688,.143,2.321,1.285,1.553,1.456,.207,.728,2.584,.309,0,.392,.02,18.462,13.455,5.8670001,6.8200002,8.3990002,17.045,.058,2.3840001,7.1100001,11.431,.163,0,4.4330001,.44100001,3.9319999,22.679001,10.855,5.914,4.4439998,11.647,16.030001,.25299999,1.942,6.2350001,11.515,.19599999,0,4.3930001,.46200001,3.437,22.237,6.948,2.4549999,0,1.992,1.896,2.3529999,.031,5.0079999,.034,6.9829998,5.6420002,.71399999,0,14.583,0,.058,2.8,11.431,0,10.463,.44100001,3.9319999,28.174999,6.4520001,1.456,0,2.365,1.553,1.753,.18799999,5.9749999,.20100001,4.6399999,4.6690001,.39199999,0,12.312,0,.25299999,4.1129999,11.515,0,10.089,.46200001,3.437
2017,2,1999,3.619,4.713,4.684,2.098,.57,0,1.572,8.683,.559,1.41,2.911,.48,.171,.407,13.746,3.408,4.27,.153,1.075,.729,.466,3.478,.632,3.542,5.598,5.801,6.69,3.732,2.008,.791,0,1.186,5.857,.469,1.879,3.031,.581,.103,.578,9.367,3.774,2.509,0,.717,.538,.325,3.516,.965,4.871,5.237,3.619,4.713,4.684,2.098,2.006,.57,0,.815,.815,1.608,5.801,6.69,3.732,2.008,2.345,.791,0,1.157,1.157,1.379,1.248,3.408,4.27,.153,1.853,1.075,0,.412,.729,0,.159,.678,3.774,2.509,0,2.407,.717,0,.332,.538,0,.284,3.599,1.138,1.572,8.683,.816,.559,1.25,.517,0,.601,.054,2.775,1.114,1.186,5.857,.626,.469,1.028,.456,0,.495,.234,17.690001,18.789,4.546,.995,16.983999,11.9,.15899999,2.543,5.928,12.839,.49000001,0,2.756,.28999999,4.092,21.591,14.24,5.368,1.579,13.06,10.276,.28400001,1.758,5.7459998,16.563,.366,0,3.638,.242,5.2880001,18.924,4.8060002,8.7069998,0,2.006,1.572,2.0769999,.46599999,13.746,.53299999,1.461,6.1500001,.60100001,0,8.5979996,0,.15899999,4.5489998,12.839,0,8.4239998,.28999999,4.092,23.066,5.592,5.96,0,2.345,1.186,1.433,.32499999,9.3669996,.51899999,1.842,5.1550002,.495,.223,6.3099999,0,.28400001,4.6440001,16.563,0,9.1599998,.242,5.2880001
2018,2,1983,5.42,1.677,2.359,.237,1.451,0,1.604,4.64,.749,4.227,4.282,1.169,.331,.058,11.996,4.52,2.114,.61,1.368,3.959,0,3.16,.193,2.732,8.564,9.109,3.811,1.282,.236,1.446,0,1.542,3.766,.606,2.834,3.087,.524,.529,.214,13.488,3.049,2.513,0,.471,3.253,.15,2.84,.516,2.754,6.2,5.42,1.677,2.359,.237,.272,1.451,0,.588,.588,.595,9.109,3.811,1.282,.236,.536,1.446,0,.947,.947,.927,.448,4.52,2.114,.61,2.012,1.368,0,.251,3.959,0,.108,.694,3.049,2.513,0,1.172,.471,0,0,3.253,0,.454,.447,.24,1.604,4.64,.278,.749,1.963,.461,0,.846,.414,.963,.528,1.542,3.766,0,.606,2.058,.548,0,.706,.088,12.069,11.641,9.5419998,3.3959999,13.768,14.834,.108,2.477,4.8000002,17.552999,.86699998,0,3.6830001,.25099999,5.013,16.608,10.805,7.2600002,3.5339999,16.309,10.458,.454,1.437,5.1750002,17.964001,.54900002,0,5.027,0,4.4200001,14.43,9.5419998,4.9099998,0,.27200001,1.604,2.477,0,11.996,.30700001,3.993,1.977,.84600002,.653,6.8569999,0,.108,8.7299995,17.552999,0,8.4829998,.25099999,5.013,20.068001,7.2600002,3.9449999,0,.53600001,1.5420001,1.288,.15000001,13.488,.176,3.904,2.47,.70599997,.18799999,4.9380002,0,.454,6.302,17.964001,0,10.202,0,4.4200001
