ts,numsurveys,numrespondents,mipds_101,mipds_102,mipds_103,mipds_105,mipds_109,mipds_110,mipds_203,mipds_204,mipds_207,mipds_308,mipds_309,mipds_401,mipds_404,mipds_503,mipds_509,mipds_601,mipds_602,mipds_603,mipds_605,mipds_610,mipds_804,mipds_901,mipds_1001,mipds_1011,mipds_1012,mipde_101,mipde_102,mipde_103,mipde_105,mipde_108,mipde_109,mipde_110,mipde_501,mipde_502,mipde_504,mipdfp_506,mipdfp_601,mipdfp_602,mipdfp_603,mipdfp_604,mipdfp_605,mipdfp_606,mipdfp_608,mipdfp_610,mipdfp_701,mipdfp_702,mipdsp_201,mipdsp_202,mipdsp_203,mipdsp_204,mipdsp_205,mipdsp_207,mipdsp_208,mipdsp_210,mipdsp_211,mipdsp_212,mipdsp_217,mipd_1,mipd_2,mipd_3,mipd_4,mipd_5,mipd_6,mipd_7,mipd_8,mipd_9,mipd_10,mipd_11,mipd_12,mipd_13,mipd_14,mipd_15,cap_1,cap_2,cap_3,cap_4,cap_5,cap_6,cap_7,cap_8,cap_9,cap_10,cap_12,cap_13,cap_14,cap_15,cap_16,cap_17,cap_18,cap_19,cap_20,cap_21,cap_22,cap_23,cap_24
1939,3,8989,2.248,32.674,.089,2.768,1.275,3.482,.172,0,1.294,.089,.067,.19,0,0,.173,21.774,1.099,0,10.874,0,0,.423,.452,1.891,.974,2.248,32.674,.089,2.768,.156,1.275,3.482,1.124,1.124,.46,.059,21.774,1.099,0,0,10.874,0,0,.033,0,.056,.134,2.8,.172,0,.769,1.294,.715,0,.978,0,0,45.401001,6.8610001,.2,.55400002,4.6290002,33.779999,.056,.044,1.432,4.1230001,.69999999,.168,1.461,.078,.51200002,47.827,.368,.227,1.748,.167,.17200001,0,0,.17299999,.034,1.072,4.9510002,.97799999,.78200001,12.032,0,.056,21.808001,4.1230001,0,2.8929999,.078,.51200002
1940,1,2907,2.718,17.595,0,.378,.31,1.445,.069,.034,1.789,0,0,0,0,0,.791,11.249,18.324,0,14.345,0,0,.292,.877,7.293,.74,2.718,17.595,0,.378,.069,.31,1.445,.447,.55,10.503,10.297,11.249,18.324,0,0,14.345,0,0,.516,0,.275,.31,.722,.069,.034,.069,1.789,.344,0,.034,0,.103,24.200001,3.474,.069,.17200001,13.152,44.432999,.27500001,0,1.359,10.217,.241,.103,2.27,0,.034,25.334999,.17200001,.206,.86000001,.17200001,.069,0,0,.82599998,.103,.138,2.855,.034,.34400001,42.965,0,.27500001,11.765,10.217,0,3.6289999,0,.034
1941,2,5809,0,1.434,2.167,.198,2.15,6.121,0,0,0,0,0,0,0,0,0,29.617,0,0,23.822,0,0,.946,0,2.525,.508,0,1.434,2.167,.198,.81,2.15,6.121,0,.302,13.097,13.097,29.617,0,0,0,23.822,0,.975,11.828,0,0,0,0,0,0,0,0,0,0,0,0,0,12.879,0,0,0,13.4,66.241997,0,0,.94599998,3.033,0,0,3.5,0,0,12.372,0,0,0,.81,0,0,0,0,0,0,0,0,0,36.918999,0,0,42.419998,3.033,0,4.4460001,0,0
1942,1,2935,3.923,9.415,6.55,3.923,0,0,1.002,0,0,0,1.226,0,0,0,0,0,0,0,20.425,0,0,0,0,4.658,0,3.923,9.415,6.55,3.923,0,0,0,0,0,0,0,2.627,0,0,0,20.425,0,3.898,0,0,0,1.226,1.226,1.002,0,0,0,0,0,0,0,4.391,23.811001,7.8439999,1.226,0,7.6599998,26.950001,0,0,0,5.5900002,0,0,15.982,0,10.937,23.811001,1.226,0,7.6599998,0,1.002,0,0,0,0,0,2.451,0,0,24.816999,0,0,6.5250001,5.5900002,0,15.982,0,10.937
1943,0,,,,,,,,,,,,,,,,,,,,,,,,,,,,,,,,,,,,,,,,,,,,,,,,,,,,,,,,,,,31.9125,11.4735,.99999997,.1935,5.0469999,29.288501,.27399999,0,.1935,4.0615001,.58099997,0,8.1185002,0,7.8570001,31.661001,.99999997,.1935,4.652,.3915,.69449998,0,0,0,0,.58099997,2.1515,.95550001,.2545,31.5265,0,0,5.7085001,4.0615001,0,8.3120002,0,7.8570001
1944,1,2554,1.135,27.339,2.271,2.617,.346,4.667,.387,0,.346,0,.774,0,0,0,0,2.819,0,0,27.282,.294,0,0,.298,1.147,.255,1.135,27.339,2.271,2.617,.783,.346,4.667,.346,.444,0,0,2.819,0,0,0,27.282,0,1.231,.294,.548,0,1.119,0,.387,0,0,.346,0,0,1.911,0,11.341,40.014,15.103,.77399999,.38699999,2.434,31.627001,.54799998,0,.38699999,2.533,1.1619999,0,.255,0,4.777,39.511002,.77399999,.38699999,1.6440001,.78299999,.38699999,0,0,0,0,1.1619999,1.852,1.911,.509,38.236,0,0,4.8920002,2.533,0,.64200002,0,4.777
1945,3,8679,0,29.344,3.859,2.068,0,13.519,.155,0,0,0,2.412,.234,0,0,0,1.607,0,.625,21.133,0,0,.046,.078,.882,.22,0,29.344,3.859,2.068,1.2,0,13.519,0,.55,.725,.097,1.96,0,.625,0,21.133,0,.137,0,2.342,.051,0,0,.155,0,0,0,0,0,.565,0,8.958,50.209999,9.6780005,2.4119999,.234,3.1340001,23.856001,2.3929999,0,1.698,1.4,1.289,0,3.3670001,.32800001,0,49.966999,2.4119999,0,1.859,1.2,.155,0,0,0,0,1.522,0,.565,.22,30.813999,0,.061,4.4289999,1.4,0,5.066,.32800001,0
1946,3,8633,.433,4.022,29.892,.047,.37,20.371,0,0,0,0,.048,0,0,0,.013,7.056,0,1.794,5.742,1.754,.372,0,.031,0,0,.433,4.022,29.892,.047,1.14,.37,20.371,.433,0,.445,.411,7.056,0,1.794,0,5.742,0,0,1.754,3.021,0,0,0,0,0,0,0,0,0,5.888,0,1.057,56.292,6.9450002,.048,0,10.823,16.346001,3.0209999,.37200001,.021,.054,.004,0,6.0159998,.058,0,55.602001,.048,0,9.9329996,1.14,0,0,.37200001,.013,0,.004,0,5.888,.016,9.0039997,0,0,11.83,.054,0,6.0380001,.058,0
1947,4,8348,.405,.051,16.598,2.602,.942,5.363,.524,0,6.594,0,.017,0,0,0,0,11.864,0,1.079,15.971,1.594,3.325,0,.265,.265,0,.405,.051,16.598,2.602,0,.942,5.363,.405,0,.667,.667,11.864,0,1.079,0,15.971,0,3.914,1.594,.581,0,0,0,.524,0,0,6.594,0,0,4.362,0,0,25.962,11.48,.017,.31400001,3.5339999,34.423,.58099997,3.325,.043,1.281,.008,0,7.6220002,0,11.411,26.367001,.017,0,2.4619999,0,.52399999,0,3.325,0,0,.32100001,6.5939999,4.362,0,17.718,0,0,17.954,1.281,0,7.665,0,11.411
1948,2,5848,0,1.23,9.857,3.611,2.38,3.574,0,0,.906,0,1.567,0,0,0,0,19.425,.222,.12,29.871,6.532,.12,0,1.23,2.798,0,0,1.23,9.857,3.611,0,2.38,3.574,0,0,1.823,1.823,19.425,.222,.12,0,29.871,0,2.359,6.532,.735,0,1.567,0,0,0,0,.906,0,0,2.881,0,0,20.652,5.3540001,1.567,.123,1.823,58.528,.73500001,.12,0,8.2709999,0,0,2.825,0,0,20.652,1.567,0,0,0,0,0,.12,0,0,.123,2.473,2.881,0,32.035999,0,0,29.051001,8.2709999,0,2.825,0,0
1949,4,10101,1.107,4.939,9.627,2.784,3.902,5.632,.327,0,1.677,.741,.381,.037,0,0,0,10.931,.158,.543,10.526,3.479,.543,.19,.099,.275,0,1.107,4.939,9.627,2.784,.014,3.902,5.632,.368,0,2.204,.595,10.931,.158,.543,0,10.526,0,1.39,3.479,.284,.472,.144,.074,.327,0,.139,1.677,0,0,3.904,0,.832,28.261999,7.0970001,1.194,.095,3.0580001,27.025999,.75599998,1.178,1.115,1.712,.257,0,3.8710001,0,24.378,30.224001,1.194,.167,.486,.014,.32699999,.20299999,.54299998,0,.14399999,.294,2.7219999,3.904,.146,11.821,0,.472,16.084,1.712,.177,4.9860001,0,24.378
1950,4,5460,1.502,2.154,6.125,1.567,5.598,2.532,.229,.084,0,.539,.283,.11,0,0,0,7.859,1.311,1.765,13.6,4.633,.049,.023,.204,.202,0,1.502,2.154,6.125,1.567,.48,5.598,2.532,.869,.49,6.087,4.505,7.859,1.311,1.765,0,13.6,4.633,2.627,4.633,1.466,0,.037,.202,.229,.084,.03,0,0,0,1.837,0,.12,20.152,2.539,.82099998,.11,8.3249998,36.425999,1.466,.122,.50300002,6.9289999,.049,0,4.5599999,0,17.999001,22.419001,.82099998,.14,.87800002,.47999999,.229,.006,.059,0,.037,.15899999,.233,1.837,.19499999,25.933001,0,0,16.584,6.9289999,0,5.0619998,0,17.999001
1951,1,1986,10.605,.322,10.605,.161,0,.388,.252,0,0,.073,.146,.44,.22,0,0,18.664,.512,.475,27.996,9.332,0,0,0,.266,0,10.605,.322,10.605,.161,.621,0,.388,0,0,1.024,1.024,18.664,.512,.475,0,27.996,0,0,9.332,0,0,0,.266,.252,0,0,0,0,0,.539,0,0,23.502001,1.057,.219,.66000003,1.024,56.978001,0,.117,2.7679999,3.4660001,.22,0,8.5780001,0,1.41,22.080999,.219,0,0,.62099999,.252,.117,0,0,0,.87900001,.266,.53899997,.80000001,30.006001,0,0,27.996,3.4660001,0,11.346,0,1.41
1952,3,6049,1.64,.62,5.622,.121,8.395,2.082,.056,.051,0,.447,.108,.228,.027,0,0,17.497,.772,.064,28.393,4.554,0,0,.49,.49,0,1.64,.62,5.622,.121,2.103,8.395,2.082,.555,.626,6.44,1.508,17.497,.772,.064,0,28.393,0,1.183,4.554,0,0,1.954,.08,.056,.051,.025,0,0,0,.326,0,0,20.809999,2.4920001,.55500001,.255,8.0030003,52.463001,0,.97000003,.53500003,9.0010004,.012,0,2.6730001,0,2.2309999,24.593,.55500001,.051,.38100001,2.1029999,.056,.31799999,0,0,.65799999,.26699999,1.401,.32600001,.242,30.738001,0,0,23.233999,9.0010004,.63700002,3.2079999,0,2.2309999
1953,1,1213,0,2.44,4.401,.247,26.178,4.188,.849,.425,0,2.305,0,0,0,0,0,4.162,0,2.527,7.58,0,0,0,.383,.082,0,0,2.44,4.401,.247,2.18,26.178,4.188,3.795,0,3.101,3.101,4.162,0,2.527,0,7.58,0,0,0,0,.605,0,2.381,.849,.425,2.381,0,0,0,1.367,0,1.168,39.634998,8.5710001,2.3050001,.24699999,20.886,14.268,.60500002,0,0,8.2700005,0,0,5.2129998,0,0,41.25,2.3050001,.67199999,13.99,2.1800001,.84899998,0,0,0,0,0,4.7620001,1.367,0,14.375,0,.60500002,4.1620002,8.2700005,0,5.2129998,0,0
1954,2,2953,1.585,12.099,2.853,1.83,6.474,2.413,.3,0,0,1.379,1.151,.19,.19,0,.609,7.073,2.266,1.817,10.877,4.476,.697,.19,.519,.609,0,1.585,12.099,2.853,1.83,1.576,6.474,2.413,1.679,0,0,0,7.073,2.266,1.817,0,10.877,0,1.428,4.476,0,.609,1.168,0,.3,0,1.931,0,0,0,.421,0,0,29.572001,3.8199999,2.53,.57099998,6.316,27.937,.60900003,.69700003,.68699998,12.505,.79100001,0,3.1289999,0,10.836,29.304001,2.53,.19,4.0289998,2.135,.30000001,0,.69700003,.60900003,.60900003,1.171,1.931,.421,.37099999,14.96,0,.60900003,12.977,12.505,0,3.816,0,10.836
1955,1,1138,0,2.267,1.95,0,1.95,1.715,0,0,3.832,2.43,2.43,0,0,0,0,18.759,3.507,0,23.492,10.536,1.529,0,0,0,0,0,2.267,1.95,0,0,1.95,1.715,1.882,1.882,0,0,18.759,3.507,0,0,23.492,0,3.507,10.536,0,0,0,0,0,0,0,3.832,0,0,0,0,0,7.8829999,3.832,4.8610001,0,4.9629998,59.799999,0,3.477,0,8.3850002,.61500001,0,6.1849999,0,0,11.646,4.8610001,1.948,1.199,0,0,0,1.529,0,0,.61500001,3.832,0,0,26.997999,0,0,32.800999,8.3850002,0,6.1849999,0,0
1956,6,10918,2.767,2.186,5.403,.527,2.977,1.37,1.393,0,0,7.109,5.742,0,0,0,0,13.915,2.2,1.823,21.804,5.084,.024,0,0,.789,.206,2.767,2.186,5.403,.527,.307,2.977,1.37,.358,0,.687,.481,13.915,2.2,1.823,0,21.804,.767,.784,5.084,0,0,.046,.067,1.393,0,.134,0,0,0,.49,0,.067,15.933,2.198,12.851,0,11.327,46.375999,0,.036,.77399999,3.023,1.035,0,6.1960001,.23899999,.011,15.794,12.851,0,10.283,.30700001,1.393,.012,.024,0,.046,1.035,.26800001,.49000001,.39500001,27.073999,0,0,19.783001,3.023,0,6.9699998,.23899999,.011
1957,3,4619,.971,1.547,10.202,1.547,2.845,1.172,1.334,.014,.855,14.31,0,0,0,0,.325,6.713,3.312,4.164,14.208,4.73,.206,.476,0,0,0,.971,1.547,10.202,1.547,0,2.845,1.172,2.455,.346,0,0,6.713,3.312,4.164,0,14.208,1.771,3.172,4.73,0,0,1.694,0,1.334,.014,.065,.855,0,0,0,0,.188,18.284,4.1500001,14.554,.13,7.2449999,38.07,0,.39899999,2.253,2.905,2.7,0,.51999998,0,8.79,21.086,14.554,.33700001,2.105,0,1.334,0,.206,.491,0,2.7,2.6359999,0,0,23.455,2.013,0,14.615,2.905,0,2.773,0,8.79
1958,7,10875,2.739,10.402,4.72,4.537,2.315,1.009,1.558,0,0,8.395,2.124,0,0,0,.028,24.467,2.001,2.729,8.703,3.786,0,.055,.032,0,0,2.739,10.402,4.72,4.537,0,2.315,1.009,.11,0,.522,.49,24.467,2.001,2.729,0,8.703,.591,1.195,4.515,.037,0,1.195,0,1.558,0,0,0,0,0,0,0,.11,25.722,2.8640001,10.519,.055,3.4159999,44.201,.037,.037,.84600002,.70300001,1.487,0,3.8900001,1.429,4.7950001,25.864,10.519,.092,1.2180001,0,1.558,0,0,.055,0,1.487,1.278,0,0,14.514,1.538,0,30.214001,.70300001,0,4.7360001,1.429,4.7950001
1959,4,6522,2.261,7.451,7.304,4.521,2.261,2.919,1.385,0,0,5.614,1.871,0,0,0,0,35.096,.53,1.459,8.773,.031,0,0,0,0,0,2.261,7.451,7.304,4.521,0,2.261,2.919,0,0,1.059,1.059,35.096,.53,1.459,0,8.773,.729,1.05,.031,0,0,0,0,1.385,0,0,0,0,0,0,0,0,26.716999,1.385,7.4850001,0,3.6489999,47.667999,0,0,0,.21699999,2.04,0,6.237,2.3010001,2.3010001,26.716999,7.4850001,0,1.156,0,1.385,0,0,0,0,2.04,0,0,0,12.551,1.434,0,36.176998,.21699999,0,6.237,2.3010001,2.3010001
1960,12,20858,1.086,4.623,3.952,.033,1.651,1.01,.989,.191,0,4.309,2.642,.001,1.359,0,0,34.826,2.228,1.017,19.441,.917,0,0,0,.954,0,1.086,4.623,3.952,.033,.986,1.651,1.01,.267,0,1.443,1.406,34.826,2.228,1.017,0,19.441,.398,.907,1.732,.138,.038,.04,.349,.989,.191,.27,0,0,0,.029,0,.142,13.371,2.01,6.9499998,1.36,4.3699999,60.549,.175,.068,.68900001,3.1789999,1.063,0,3.9000001,.685,1.631,12.681,6.9499998,.191,1.85,.986,.98900002,.006,0,0,0,2.4230001,.801,.029,.072,24.49,.81,.038,37.602001,3.1789999,0,4.5879998,.685,1.631
1961,4,6223,3.263,11.903,1.737,0,.652,.897,.624,.056,0,2.448,2.448,0,.042,0,0,29.946,.824,2.341,22.23,2.481,0,.616,0,0,0,3.263,11.903,1.737,0,.579,.652,.897,.225,0,.876,.876,29.946,.824,2.341,0,22.23,5.369,.483,3.856,0,0,0,.217,.624,.056,.109,0,0,0,0,0,.053,19.031,1.058,4.8959999,.042,2.2360001,65.047997,0,.049,2.3199999,.153,.736,0,2.9460001,.008,1.477,18.677,4.8959999,.056,.83700001,.579,.62400001,0,0,0,0,.778,.37799999,0,.049,31.639,.29699999,0,34.285999,.153,0,5.2649999,.008,1.477
1962,5,7957,1.611,5.781,2.416,0,1.572,.723,.253,0,0,4.383,3.095,0,.047,0,0,29.1,2.379,2.365,15.558,.353,0,.651,0,0,0,1.611,5.781,2.416,0,.481,1.572,.723,1.24,0,3.446,2.504,29.1,2.379,2.365,0,15.558,3.668,.796,.638,0,.128,0,.467,.253,0,.233,0,0,0,0,0,.233,12.583,1.186,7.4780002,.047,8.4879999,54.502998,.12800001,.106,1.9349999,.39899999,1.4119999,0,4.6370001,0,7.099,14.284,7.4780002,0,1.252,.48100001,.25299999,0,0,0,0,1.459,.93300003,0,.106,26.473,2.55,.12800001,30.533001,.39899999,0,6.572,0,7.099
1963,1,1550,.604,5.02,1.208,0,2.076,.574,0,0,0,32.97,16.485,0,0,0,0,9.74,2.5,0,4.999,0,0,0,0,0,0,.604,5.02,1.208,0,0,2.076,.574,2.076,0,2.5,0,9.74,2.5,0,0,4.999,2.5,0,0,0,0,0,0,0,0,0,0,0,0,0,0,0,9.4820004,0,49.455002,0,7.323,19.738001,0,0,0,0,.324,0,6.434,0,7.2449999,14.057,49.455002,0,.248,0,0,0,0,0,0,.324,0,0,0,9.9989996,2.5,0,9.7399998,0,0,6.434,0,7.2449999
1964,7,11154,.157,5.083,2.228,.195,1.116,.248,.774,1.176,1.798,24.16,11.264,.413,0,0,.04,7.17,.485,1.64,5.632,10.131,0,.523,.007,.629,.095,.157,5.083,2.228,.195,.006,1.116,.248,.093,.046,.325,.109,7.17,.485,1.64,0,5.632,2.631,1.445,10.135,.028,.197,.334,.212,.774,1.176,.505,1.798,0,0,.099,0,.282,9.2229996,5.1810002,35.583,1.1339999,1.092,29.138,.226,.04,.838,6.7940001,.87900001,0,5.1620002,1.45,3.26,9.4359999,35.599998,1.176,.447,.062,.77399999,.021,0,.04,.175,1.957,2.8889999,.167,.13699999,10.498,.14,.197,18.778,6.7940001,.019,5.9829998,1.45,3.26
1965,8,12737,.606,2.202,2.336,0,.779,.373,.861,.336,1.509,20.915,0,.855,0,0,0,8.939,.207,5.303,5.331,30.217,0,2.336,0,0,0,.606,2.202,2.336,0,0,.779,.373,0,0,.462,0,8.939,.207,5.303,0,5.331,.398,.785,30.217,0,0,.081,0,.861,.336,.168,1.509,0,0,.081,0,.017,6.9070001,3.052,22.583,.85500002,.84299999,51.181,0,.31600001,3.5710001,1.844,2.1140001,0,2.085,0,4.6490002,6.9070001,22.583,.336,.34900001,.25999999,.861,0,0,.017,0,2.7090001,1.677,.161,.778,11.24,.032,0,39.941002,1.844,0,5.6560001,0,4.6490002
1966,5,9595,2.699,.666,8.878,.033,3.118,.372,.623,.302,1.264,11.807,.422,.69,0,0,0,3.706,.346,2.179,8.359,36.932,.009,2.273,0,.195,.016,2.699,.666,8.878,.033,.135,3.118,.372,.153,.153,.539,.042,3.706,.346,2.179,0,8.359,.005,.343,36.932,.026,.01,.364,.189,.623,.302,.142,1.264,0,0,.226,0,.019,16.375999,3.1289999,14.159,.76899999,1.097,51.868999,.036,.208,3.26,2.454,1.2410001,0,.86000001,.63200003,3.911,16.639999,14.179,.30199999,.2,.33399999,.62300003,.024,.009,.008,.022,1.847,1.674,.45300001,.56699997,10.941,.053,.031,40.986,2.454,.01,4.098,.63200003,3.911
1967,3,4755,1.949,.765,5.847,0,1.949,.172,.569,.146,1.481,7.021,0,.951,.045,0,0,2.762,.089,2.05,2.05,43.618,0,2.867,0,0,0,1.949,.765,5.847,0,0,1.949,.172,0,0,.324,0,2.762,.089,2.05,0,2.05,0,.4,43.618,0,0,.085,0,.569,.146,.073,1.481,0,0,.085,0,0,11.063,2.4389999,7.8730001,15.482,.69800001,50.967999,0,.324,3.947,1.893,1.574,0,1.3660001,0,2.375,11.063,7.8730001,.146,.303,.134,.56900001,0,0,0,0,16.921,1.554,.17,.64700001,4.1880002,.071,0,46.779999,1.893,0,5.3130002,0,2.375
1968,7,10839,1.23,.392,3.899,.033,1.567,.223,.562,.16,1.777,10.776,2.1,4.287,.166,0,0,1.908,.212,.47,2.125,38.416,0,1.951,0,.122,0,1.23,.392,3.899,.033,.035,1.567,.223,.08,.08,.383,.06,1.908,.212,.47,0,2.125,.05,.531,38.416,.03,.025,.442,.512,.562,.16,.117,1.777,0,0,.346,0,.01,7.6939998,3.927,14.107,17.205999,1.033,43.710999,.055,.107,2.7190001,2.572,4.0019999,.035,.77399999,.264,1.794,7.842,14.143,.16,.461,.14399999,.56199998,.028,0,0,.039,21.136999,2.4159999,.70099998,.37799999,2.9260001,.03,.035,40.875,2.572,.009,3.483,.264,1.794
1969,3,4582,1.412,.74,3.695,0,1.412,.154,.499,.109,3.123,9.797,0,.903,.269,0,0,1.677,.082,1.175,22.908,25.353,0,1.496,0,0,0,1.412,.74,3.695,0,0,1.412,.154,0,0,.064,0,1.677,.082,1.175,0,22.908,0,.323,25.353,0,0,.785,.542,.499,.109,.055,3.123,0,0,.337,0,0,7.4759998,5.4489999,13.431,8.6730003,.99000001,51.519001,0,.064,2.1930001,.84200001,5.4840002,0,1.66,0,2.2179999,7.4759998,13.431,.109,.926,.111,.49900001,0,0,0,0,14.046,4.3400002,.50099999,.12800001,24.166,0,0,27.353001,.84200001,0,3.8529999,0,2.2179999
1970,6,9195,1.932,1.074,4.98,.406,2.227,1.104,.848,.176,1.83,4.448,2.761,.94,3.871,0,.012,3.806,.259,1.558,3.076,23.52,0,2.743,0,.823,.035,1.932,1.074,4.98,.406,.053,2.227,1.104,.045,.045,.174,.035,3.806,.259,1.558,0,3.076,.006,1.238,23.52,0,.053,1.604,.845,.848,.176,.525,1.83,0,0,1.044,0,0,12.061,6.8709998,11.931,12.085,.50599998,33.463001,.053,4.6560001,3.5940001,2.0739999,5.474,0,4.487,.171,2.5739999,11.969,11.943,.176,.171,.43700001,.84799999,3.724,0,.012,.384,17.302,3.2,2.1359999,1.201,4.934,.059,.053,28.563999,2.0739999,0,8.0679998,.171,2.5739999
1971,5,7583,4.237,4.774,9.662,0,4.319,.701,.718,0,2.288,1.802,3.802,.187,5.881,0,0,1.839,.136,1.644,7.939,17.898,0,3.322,0,.47,.092,4.237,4.774,9.662,0,1.783,4.319,.701,0,0,.06,0,1.839,.136,1.644,.001,7.939,0,.425,17.898,0,0,.198,1.482,.718,0,1.941,2.288,0,.439,.163,0,0,25.538,7.2280002,7.7589998,10.034,.131,29.881001,0,4.9400001,4.4310002,2.1570001,3.9979999,0,1.465,0,2.441,23.754,7.7589998,0,0,1.984,.71799999,4.0019999,0,0,.014,13.831,6.1490002,.347,.99800003,9.7200003,.071,0,20.160999,2.1570001,0,5.895,0,2.441
1972,7,10170,4.176,4.397,9.306,.288,4.212,.209,.996,.068,1.697,1.355,2.28,1.559,6.938,0,0,1.943,.245,1.707,3.143,24.097,.006,3.897,0,.712,.044,4.176,4.397,9.306,.288,.01,4.212,.209,.026,.026,.175,.046,1.943,.245,1.707,.054,3.143,.541,.502,24.097,.02,.015,.273,2.531,.996,.068,1.276,1.697,0,0,.157,.006,.003,22.746,7.007,5.1220002,11.977,.31,32.230999,.034,3.5539999,5.118,3.5999999,3.516,0,2.24,0,2.5439999,22.774,5.1220002,.086,0,.26800001,.99599999,2.823,.006,0,.034,15.311,5.507,.30700001,.86799997,5.7350001,.083,.025,26.552,3.5999999,.001,7.3579998,0,2.5439999
1973,5,7647,6.877,3.283,22.226,0,6.877,.286,.36,.154,1.797,.972,1.841,4.319,6.141,0,0,1.798,.168,.956,1.369,8.196,.645,3.615,0,.266,0,6.877,3.283,22.226,0,0,6.877,.286,0,0,.409,0,1.798,.168,.956,.009,1.369,0,.484,8.196,0,0,.238,1.265,.36,.154,.284,1.797,0,0,.207,0,1.227,39.957001,5.5310001,3.6670001,12.853,.86199999,12.979,0,4.2880001,4.9250002,8.5830002,1.347,0,1.998,0,3.0079999,39.957001,3.6670001,.252,.37,.169,.36000001,2.9089999,.97899997,0,.031,13.934,3.424,.414,.80900002,3.651,.082,0,10.477,8.5830002,0,6.9229999,0,3.0079999
1974,6,9364,9.357,1.766,39.067,1.041,7.483,.346,.171,.148,.511,.193,.325,1.895,.782,.022,.036,1.489,.02,.41,.688,.041,2.646,1.954,.127,.252,1.311,9.357,1.766,39.067,1.041,.044,7.483,.346,.013,.022,.117,.014,1.679,.02,.41,.001,.688,.009,.38,.041,.02,0,.271,.378,.171,.148,.115,.511,0,.063,.036,.005,.192,59.264,1.892,.69,4.3740001,.59200001,3.227,.02,8.4680004,2.8239999,11.392,.63,.003,1.483,.426,4.7140002,59.215,.69300002,.19,.40000001,.27700001,.171,.73900002,7.4970002,.036,.058,4.9050002,1.271,.067,.32800001,1.142,.004,0,2.1199999,11.392,.047,4.3070002,.426,4.7140002
1975,3,4690,10.075,8.38,35.929,5.052,2.823,.314,.138,.036,.766,.43,.352,2.993,1.005,0,0,1.719,.135,.278,.659,0,2.026,3.317,0,.118,.657,10.075,8.38,35.929,5.052,0,2.823,.314,0,0,1.164,0,1.719,.135,.278,0,.659,0,.625,0,0,0,.081,.168,.138,.036,.065,.766,0,0,.039,0,.164,62.766998,1.456,.87099999,5.6259999,1.4,3.4159999,0,5.5560002,5.809,7.4819999,.91299999,0,1.848,0,2.855,62.766998,.87099999,.17200001,.215,.073,.138,.58099997,4.5780001,.004,.024,6.3299999,2.1289999,.095,.59200001,1.072,.02,0,2.3440001,7.4819999,0,7.6560001,0,2.855
1976,2,3329,9.544,17.159,28.917,4.828,.752,.26,.247,.416,.733,.43,.301,5.501,.893,.114,.06,2.236,.457,.6,1.164,.254,2.287,2.457,.19,.354,.024,9.544,17.159,28.917,4.828,.036,.752,.26,.099,.114,1.932,.369,2.317,.457,.6,.005,1.164,.017,.859,.254,.036,.185,3.276,1.233,.247,.416,.148,.733,.136,.027,.045,0,.186,61.816002,6.447,.81800002,7.1170001,2.825,5.6729999,.221,4.4159999,3.4549999,3.9879999,.197,0,1.569,0,1.459,62.549,.81800002,.49900001,.57499999,3.2880001,.24699999,1.13,3.1559999,.06,0,7.2309999,3.165,.07,.435,2.612,.045,.185,3.4660001,3.9879999,0,5.0240002,0,1.459
1977,2,3033,6.965,8.402,22.697,8.402,0,.358,.252,.191,.794,.763,.91,4.749,1.223,0,0,2.174,1.327,.674,1.909,0,9.431,2.938,0,.008,0,6.965,8.402,22.697,8.402,0,0,.358,0,0,3.076,.205,2.174,1.327,.674,0,1.909,0,1.041,0,0,0,.223,0,.252,.191,.453,.794,0,.339,.144,0,.591,47.105,2.9860001,1.7869999,7.4330001,3.2720001,7.1240001,0,15.594,4.7509999,2.221,.192,0,2.0650001,0,5.4689999,47.591999,1.7869999,.29899999,.19599999,0,.252,1.0190001,14.146,0,.022,7.5170002,4.2800002,.34400001,.70999998,4.1160002,0,0,3.214,2.221,0,6.816,0,5.4689999
1978,6,9314,11.022,3.736,42.054,6.649,.376,.763,.343,.218,.81,.56,.515,2.404,.697,.064,0,2.314,.754,.478,1.452,.071,4.753,2.486,.056,.07,.011,11.022,3.736,42.054,6.649,.036,.376,.763,.062,.064,2.112,.148,2.314,.754,.478,.018,1.452,.028,.901,.071,.05,.081,.277,.345,.343,.218,.202,.81,.054,0,.117,.002,.359,65.101997,2.7279999,1.103,4.1490002,2.385,6.0170002,.131,7.8340001,3.687,2.783,.25,.024,1.058,0,2.7490001,65.884003,1.122,.27900001,.125,.18700001,.34299999,.64099997,6.9910002,0,.009,4.3379998,2.7079999,.235,.523,2.8889999,.023,.088,3.329,2.783,.009,4.7449999,0,2.7490001
1979,5,7595,11.531,1.532,36.385,2.613,0,.213,.125,.05,.52,.218,.209,1.363,.528,0,.026,2.301,.445,.397,1.325,.287,15.719,3.891,0,0,0,11.531,1.532,36.385,2.613,0,0,.213,0,0,1.091,.041,2.301,.445,.397,0,1.325,.138,.778,.287,0,0,.699,0,.125,.05,.031,.52,0,0,.07,0,.455,52.382999,1.95,.428,2.493,1.158,5.671,0,21.031,5.5570002,4.2290001,.37799999,0,1.589,0,3.1340001,52.820999,.428,.131,0,0,.125,.25299999,20.568001,.233,.03,2.789,1.902,.139,.29499999,2.345,.041,0,3.3670001,4.2290001,.025,7.1459999,0,3.1340001
1980,16,23716,16.717,3.639,33.489,3.499,1.545,.107,.062,.068,.136,.088,.067,.443,.202,.032,.157,5.483,.779,.639,2.447,5.182,4.451,1.336,.005,.781,.756,16.717,3.639,33.489,3.499,.003,1.545,.107,.032,.032,.781,.149,5.486,.779,.639,1.871,2.447,2.746,.514,5.182,.008,.059,.27,.137,.062,.068,.029,.136,.008,.001,.048,.001,.261,59.132999,1.021,.15899999,1.22,1.033,19.665001,.067,5.3709998,1.846,3.9909999,.071,.002,3.003,0,3.418,59.457001,.162,.106,.015,.117,.062,.122,5.2259998,.33899999,.014,1.253,.74599999,.101,.115,8.6350002,.016,.059,11.191,3.9909999,.007,4.849,0,3.418
1981,9,13619,20.78,5.507,37.346,3.525,.628,.181,.014,.004,.412,.109,.182,2.156,.375,0,.072,3.268,.852,.215,2.197,1.106,2.679,2.624,0,.44,.501,20.78,5.507,37.346,3.525,0,.628,.181,0,0,1.094,.093,3.268,.852,.215,0,2.197,.041,.174,1.106,0,0,1.701,.128,.014,.004,.058,.412,0,0,.014,0,.248,68.517998,2.579,.29699999,2.793,1.24,7.8520002,0,3.2079999,3.152,3.3199999,.021,0,2.5669999,0,4.454,68.723,.29699999,.029,0,0,.014,.1,3.062,.14399999,.001,2.7880001,2.7060001,.027,.59600002,3.398,.074,0,4.5469999,3.3199999,0,5.7189999,0,4.454
1982,11,17539,17.612,28.214,18.026,1.876,.526,.144,.011,.385,.863,.045,.118,1.911,.051,.12,.006,3.173,.563,1.338,3.183,.777,.662,1.902,.004,.346,.998,17.612,28.214,18.026,1.876,.005,.526,.144,.167,.12,1.854,.454,3.19,.563,1.338,.006,3.183,.015,.067,.777,0,.066,1.566,.343,.011,.385,.136,.863,.015,.006,.022,.002,.3,68.532997,3.6500001,.182,2.0009999,2.4059999,9.1379995,.066,.74599999,2.477,2.816,.007,0,4.381,0,3.595,69.781998,.182,.38999999,.07,.54900002,.011,.009,.73100001,.046,.013,2.0039999,2.747,.068,.273,5.5640001,.19,.066,4.0339999,2.816,0,6.8579998,0,3.595
1983,8,12023,10.378,32.792,9.335,2.158,1.28,.116,0,0,.896,.036,.072,1.725,0,0,.048,5.799,1.548,4.505,5.975,1.31,.431,2.986,0,.187,.78,10.378,32.792,9.335,2.158,0,1.28,.116,.339,0,2.226,.548,5.799,1.548,4.505,0,5.975,0,.136,1.31,0,.136,2.101,.116,0,0,0,.896,0,0,0,0,.116,56.93,3.2290001,.108,1.725,2.948,19.271999,.13600001,.75700003,4.1500001,2.635,0,0,3.813,0,4.2969999,58.220001,.108,0,0,0,0,.23199999,.52499998,.048,0,1.725,3.5639999,0,.39300001,12.575,.33500001,.13600001,7.2449999,2.635,0,7.9629998,0,4.2969999
1984,11,14459,12.223,17.85,5.821,1.436,1.821,.04,.394,0,.596,.046,.08,1.46,.261,5.399,.2,6.432,1.234,7.396,7.317,1.634,.136,3.684,.113,.812,1.395,12.223,17.85,5.821,1.436,0,1.821,.04,.168,5.399,2.411,.616,6.432,1.234,7.396,0,7.317,0,0,1.634,0,.081,4.418,.059,.394,0,.104,.596,.042,.206,0,0,.104,40.127998,5.9229999,.126,1.722,8.4259996,24.013,.081,.29100001,4.527,3.3789999,0,0,5.4089999,.15099999,5.823,47.005001,.13,0,.013,0,.39399999,.125,.16599999,.2,0,1.722,5.7800002,0,.234,16.563999,.234,.081,8.0649996,3.3789999,0,9.9329996,.15099999,5.823
1985,9,13590,7.228,10.699,4.556,4.333,1.541,.142,1.846,.086,1.063,.226,.258,5.001,.88,9.591,.191,4.722,.671,8.313,7.287,.816,.031,4.105,.074,.368,.797,7.228,10.699,4.556,4.333,0,1.541,.142,0,9.591,3.941,.229,4.876,.671,8.313,.607,7.287,0,0,.816,0,.868,3.531,.324,1.846,.086,.213,1.063,.052,1.694,0,0,.213,28.76,9.0229998,.48800001,5.9390001,14.257,22.570999,.86799997,.92799997,5.1040001,1.92,0,0,6.6919999,.551,2.8989999,42.030998,.57999998,.88499999,.53399998,0,1.846,.141,.031,.191,0,5.882,7.1220002,0,0,17.108,0,.86799997,5.6929998,1.92,.014,11.705,.551,2.8989999
1986,8,12120,5.133,11.707,6.508,3.212,2.53,.064,.622,2.602,3.948,.164,.048,1.526,5.104,6.981,.523,4.264,.939,7.077,4.662,2.118,.48,2.102,.077,.781,.831,5.133,11.707,6.508,3.212,0,2.53,.064,0,6.981,.594,.422,4.264,.939,7.077,3.975,4.662,.637,.743,2.118,0,1.212,.524,.492,.622,2.602,.456,3.948,.048,3.45,0,.467,.456,29.200001,13.066,.27900001,9.8940001,9.7709999,24.415001,1.212,1.1339999,4.9520001,2.2390001,.089,.25799999,2.6029999,.44400001,.44400001,36.332001,.56099999,3.918,1.674,0,.62199998,.40599999,.47999999,.523,0,8.9060001,9.3940001,.46700001,.002,17.712,0,1.212,7.1240001,2.2390001,.009,7.5310001,.44400001,.44400001
1987,8,14385,6.483,7.481,4.569,4.634,1.791,.156,.665,1.369,3.122,.333,.26,2.18,5.726,8.382,.44,5.804,.612,5.994,3.779,1.658,.136,2.053,.165,.479,.999,6.483,7.481,4.569,4.634,0,1.791,.156,.383,8.765,2.487,1.283,5.804,.612,5.994,.786,3.779,2.061,.277,1.667,0,2.182,.631,.572,.665,1.369,.405,3.122,.051,2.739,.068,.287,.405,25.542999,10.314,.61699998,9.0649996,12.542,20.979,2.1819999,2.517,4.9070001,3.6619999,.098,.133,4.2420001,.88599998,2.3139999,35.814999,.79100001,3.404,.46700001,0,.66500002,.46900001,.13600001,.44,0,9.0710001,8.0050001,.35499999,.013,14.515,0,2.1819999,7.7480001,3.6619999,.036,9.0279999,.88599998,2.3139999
1988,4,4883,7.09,6.383,1.656,.3,.752,.008,1,1.195,1.666,.244,.383,4.283,20.477,9.168,.223,3.586,.172,4.6,1.827,.947,.192,5.805,0,.714,.637,7.09,6.383,1.656,.3,0,.752,.008,.755,9.922,.212,.212,3.586,.172,4.6,.199,1.827,.512,.205,.947,.008,2.176,.548,.09,1,1.195,.086,1.666,0,1.512,.272,.272,.086,16.547001,6.7280002,.62699997,24.948,11.227,12.049,2.184,6.256,6.348,2.9159999,.17299999,.104,6.757,0,3.135,27.188,.73100001,5.967,.115,0,1,1.092,.192,.223,.032,25.125999,3.9560001,.54500002,.19400001,7.5229998,0,2.1760001,4.7470002,2.9159999,.103,13.041,0,3.135
1989,15,23803,7.067,2.345,1.525,.028,.592,0,2.828,1.223,1.508,.072,.338,5.767,35.471,8.203,.056,1.278,.025,1.3,1.11,.272,.042,2.978,0,.384,.02,7.067,2.345,1.525,.028,.017,.592,0,.497,8.7,.412,.124,1.278,.025,1.3,.177,1.11,.019,.143,.272,.025,.875,1.589,.053,2.828,1.223,.073,1.508,0,.997,.327,2.089,.112,11.644,10.798,.41,42.313999,9.6689997,4.323,.89999998,8.4040003,3.6389999,1.455,0,.027,3.612,.574,2.23,21.105,.43700001,5.2249999,.004,.017,2.8280001,4.7740002,.042,.056,.02,41.917999,4.3119998,2.4159999,.008,2.7539999,0,.89999998,1.692,1.455,0,7.2329998,.574,2.23
1990,13,15518,8.388,3.589,2.054,.399,1.515,.006,2.212,1.102,2.733,.112,.664,2.152,23.242,8.406,.054,2.596,.016,.638,2.099,4.177,.491,2.976,.432,.69,.074,8.388,3.589,2.054,.399,.056,1.515,.006,.177,9.274,.319,.067,2.596,.016,.638,.059,2.099,.913,.311,4.177,.144,.907,1.726,.005,2.212,1.102,.163,2.733,.141,1.869,0,3.42,.195,16.072001,13.566,.77700001,25.469999,9.8439999,10.808,1.051,5.8249998,3.997,2.7520001,.075,.018,5.2340002,.498,4.0139999,25.837,.79500002,2.128,.02,.056,2.2119999,4.3330002,.491,.054,0,25.497,6.6890001,3.4200001,.06,3.7939999,0,1.051,7.0830002,2.7520001,0,9.2159996,.498,4.0139999
1991,16,19447,18.958,9.012,1.842,.916,.821,0,4.463,2.049,1.763,.071,.295,3.854,9.436,6.259,.017,2.511,0,.366,7.053,2.156,.269,4.942,0,.039,.081,18.958,9.012,1.842,.916,0,.821,0,0,6.259,0,0,2.511,0,.366,.024,7.053,.025,0,2.156,0,.966,1.362,0,4.463,2.049,0,1.763,0,1.651,0,4.323,0,31.663,15.612,.375,13.305,6.2750001,12.134,.96600002,4.3189998,5.0960002,1.1569999,0,0,6.9920001,.088,2.017,37.922001,.375,3.184,0,0,4.4629998,2.9300001,.26899999,.017,0,13.381,4.776,4.323,0,7.467,0,.96600002,4.6669998,1.1569999,0,11.997,.088,2.017
1992,9,11680,29.182,18.02,1.627,1.751,.93,0,2.639,2.868,1.362,.25,1.032,2.283,4.76,4.067,.03,1.445,.006,.152,.258,.124,0,2.752,0,.239,.287,29.182,18.02,1.627,1.751,.08,.93,0,.108,4.174,.031,.006,1.445,.006,.152,0,.258,0,.328,.15,.131,1.536,.732,.123,2.639,2.868,0,1.362,.035,1.237,.039,3.048,.073,51.759998,12.155,1.325,7.6810002,4.3590002,2.3380001,1.6670001,2.0969999,3.431,2.4660001,.072,0,7.6719999,.072,2.9059999,56.014,1.3279999,4.3330002,.017,.08,2.6389999,.85699999,0,.03,.027,7.5419998,3.48,3.1070001,.032,.42199999,0,1.6670001,1.923,2.4660001,0,11.059,.072,2.9059999
1993,18,22873,15.864,13.063,.947,.167,2.584,.012,2.803,11.844,1.366,.205,1.551,8.534,3.963,7.471,.23,1.675,.234,.182,.365,.683,.022,3.162,.023,.664,.701,15.864,13.063,.947,.167,0,2.584,.012,1.901,7.808,.303,.056,1.675,.234,.182,.004,.365,.1,.319,.695,.021,.612,1.142,1,2.803,11.844,.078,1.366,.022,.544,.027,1.71,.489,32.664001,21.025,2.056,12.984,10.284,3.573,.63300002,1.513,4.8759999,3.0840001,.66000003,0,4.993,.033,1.6210001,42.639,2.056,12.88,.041,0,2.803,.63999999,.022,.23,.025,13.416,4.5869999,1.745,.049,.94,0,.63300002,2.6889999,3.0840001,0,9.8660002,.033,1.6210001
1994,24,33990,9.08,8.775,.799,.129,1.206,.012,1.94,12.308,1.638,.129,1.136,23.881,4.712,3.414,.671,1.824,.076,.205,.412,.501,.005,4.19,.76,1.11,.817,9.08,8.775,.799,.129,0,1.206,.012,.17,3.612,.392,.08,1.824,.076,.205,.015,.412,0,.247,.501,0,.242,.994,1.269,1.94,12.308,.101,1.638,.055,.484,.653,1.556,.202,20.076,21.198999,1.296,29.674,4.8969998,3.279,.242,1.301,6.2160001,4.2189999,1.168,0,3.332,.057,3.0439999,24.187,1.296,13.216,.053,0,1.9400001,.52999997,.005,.671,0,30.673,4.6869998,2.2090001,.075,.787,0,.242,2.572,4.2189999,0,9.5369997,.057,3.0439999
1995,6,6907,5.935,6.551,2.358,2.537,1.67,0,2.547,4.387,1.087,.398,2.694,15.148,5.502,3.575,.75,1.261,.11,.076,.146,.94,0,4.628,.835,1.462,.7,5.935,6.551,2.358,2.537,.519,1.67,0,.515,5.339,1.433,.129,1.261,.11,.076,0,.146,0,.461,.94,0,.246,.775,3.673,2.547,4.387,.523,1.087,.84,1.738,0,2.389,.523,19.695999,18.482,3.2190001,21.356001,8.0369997,2.994,.24600001,1.408,7.217,5.691,1.908,0,5.6669998,.11,3.9679999,27.083,3.2190001,5.2750001,0,.51899999,2.5469999,.59200001,0,.75,0,23.299,8.3179998,2.3889999,.092,.46000001,0,.24600001,2.6619999,5.691,0,12.776,.11,3.9679999
1996,12,12482,5.851,6.647,2.457,1.667,1.915,0,3.612,3.199,1.484,.074,1.546,11.332,4.912,5.282,.867,1.484,.131,.098,.651,.745,.007,3.604,2.123,2.693,.811,5.851,6.647,2.457,1.667,.331,1.915,0,1.42,8.727,1.673,.09,1.484,.131,.098,.673,.651,0,.739,.745,0,.139,1.042,3.927,3.612,3.199,.517,1.484,.449,.727,0,2.043,.453,18.919001,17.452,1.636,16.783001,12.687,4.52,.139,.79100001,7.8959999,7.2160001,1.727,0,4.6859999,.205,5.342,30.716999,1.636,3.937,0,.331,3.612,.34299999,.007,.86699998,.019,18.219,8.1309996,2.043,.05,1.643,0,.139,2.9679999,7.2160001,0,12.576,.205,5.342
1997,12,12724,6.686,5.765,.884,.057,1.99,0,5.531,3.771,2.339,.208,2.412,12.873,9.229,3.063,.935,2.568,.063,.068,.381,.262,.008,6.9,1.293,1.969,.911,6.686,5.765,.884,.057,.083,1.99,0,.214,4.743,.305,.094,2.568,.063,.068,.103,.381,.023,.418,.452,.046,.347,.56,3.202,5.531,3.771,.535,2.339,.184,.932,0,2.299,.19,15.521,19.542,2.6459999,22.566999,6.198,4.0749998,.39399999,1.484,10.288,6.3759999,1.161,0,4.4689999,.36300001,4.915,20.735001,2.6459999,4.336,0,.083,5.5310001,1.0319999,.008,.935,0,23.655001,7.75,2.306,.134,.73100001,0,.39399999,3.438,6.3759999,0,14.632,.36300001,4.915
1998,12,12918,6.016,3.751,.778,.208,1.497,0,6.014,4.174,2.344,.048,1.982,8.645,6.896,1.538,.662,2.753,.216,.426,1.259,1.23,0,8.207,1.748,2.616,1.907,6.016,3.751,.778,.208,.132,1.497,0,0,2.665,.349,.217,2.753,.216,.426,.678,1.259,.047,.552,2.365,.207,.458,.968,1.643,6.014,4.174,1.306,2.344,.106,.551,.016,2.246,.274,12.554,19.642,2.0309999,15.892,3.6949999,8.2959995,.66500002,1.374,12.863,10.51,1.7819999,0,3.1670001,.34999999,7.1799998,15.19,2.204,4.4619999,.019,.132,6.0139999,1.033,0,.662,.01,17.687,7.0760002,2.263,.18799999,2.8429999,0,.458,5.8769999,10.51,0,15.844,.34999999,7.1799998
1999,13,15047,3.667,2.595,.824,.01,3.396,0,6.487,7.504,2.145,0,1.254,6.757,2.234,1.598,.479,3.296,.412,.143,1.474,2.236,0,6.263,1.744,2.333,.862,3.667,2.595,.824,.01,0,3.396,0,.237,3.197,.414,.414,3.296,.412,.143,.115,1.474,0,.656,3.747,.024,.167,1.61,1.353,6.487,7.504,3.826,2.145,0,.307,0,1.871,.535,10.492,25.639,1.262,12.089,4.3270001,9.8439999,.192,.64300001,9.9390001,7.1669998,4.0419998,0,4.487,.14399999,9.7329998,13.926,1.262,7.9829998,0,0,6.487,.55299997,0,.479,.013,15.914,9.7620001,1.8710001,0,2.559,0,.167,7.723,7.1669998,0,14.255,.14399999,9.7329998
2000,16,17828,3.597,1.769,2.119,.303,5.015,0,10.354,12.001,1.1,.074,1.012,4.564,1.93,1.638,.589,2.106,1.051,.075,.387,.086,.792,3.281,1.789,2.983,.404,3.597,1.769,2.119,.303,.177,5.015,0,.546,2.963,1.43,.783,2.106,1.051,.075,.04,.387,0,.171,.121,.052,.311,.749,.951,10.354,12.001,5.892,1.1,.467,.342,.002,1.178,.73,13.215,33.766998,1.302,9.1619997,5.5879998,3.9519999,.36300001,2.0610001,6.6919999,6.901,1.182,0,3.698,.79100001,11.326,17.559,1.348,12.153,.061,.227,10.354,1.08,.792,.58899999,.025,10.345,9.6660004,1.204,.139,2.3369999,0,.31099999,2.45,6.901,0,10.345,.79100001,11.326
2001,13,13074,4.747,4.352,5.701,3.542,5.962,0,9.506,7.285,.731,.186,.803,2.307,1.846,.892,.789,1.58,1.841,.081,1.212,.209,2.044,1.913,.389,1.818,.295,4.747,4.352,5.701,3.542,.723,5.962,0,1.299,1.462,1.271,.623,1.58,1.841,.081,1.464,1.212,.044,.285,.378,.07,.197,1.152,.873,9.506,7.285,4.147,.731,.252,.321,.003,.709,1.039,26.271999,26.018999,1.257,5.1339998,4.881,6.8860002,.266,4.0570002,4.5830002,4.9749999,1.059,0,3.0999999,.83099997,10.679,29.084999,1.447,7.4619999,.06,.82800001,9.5059996,1.645,2.0439999,.78899997,.025,6.0599999,7.973,.86699998,.45199999,5.2709999,0,.197,2.313,4.9749999,0,7.4920001,.83099997,10.679
2002,13,12254,13.779,3.567,1.585,2.559,2.191,0,4.471,4.415,.714,.072,.725,1.684,.916,.473,.719,2.074,4.615,.201,7.008,1.565,.338,1.562,.445,1.021,.058,13.779,3.567,1.585,2.559,.463,2.191,0,.201,.737,4.461,4.235,2.074,4.615,.201,15.053,7.008,0,.359,2.64,.174,.059,.672,.665,4.471,4.415,1.292,.714,.06,.187,.054,.868,.533,25.903,13.932,1.289,3.0469999,6.177,31.950001,.233,1.2819999,3.2939999,2.5480001,1.3609999,0,4.0780001,.15899999,4.7459998,25.507,1.388,4.6859999,.059,.472,4.4710002,.80400002,.338,.71899998,.048,4.243,4.006,.92199999,1.189,31.113001,0,.059,5.2470002,2.5480001,0,7.2729998,.15899999,4.7459998
2003,24,20178,20.566,8.113,.71,.113,1.592,0,3.925,6.415,.962,.072,.686,1.635,.931,.63,.682,2.256,2.57,.129,10.74,3.445,.245,1.568,.819,1.183,.886,20.566,8.113,.71,.113,.017,1.592,0,.583,.902,1.016,.475,2.256,2.57,.129,7.424,10.74,.093,.276,4.818,0,.163,.559,.726,3.925,6.415,.798,.962,.103,.221,.077,.984,.706,31.408001,15.478,.95599997,2.9990001,3.1860001,28.306999,.163,1.1059999,4.1539998,4.3569999,.63300002,0,2.5439999,.255,4.4549999,33.222,1.03,7.0489998,.003,.017,3.925,.40099999,.245,.68199998,.029,3.4449999,3.934,1.071,.31099999,21.431,0,.163,7.3509998,4.3569999,0,6.6240001,.255,4.4549999
2004,20,19226,14.872,7.153,1.195,.006,1.521,0,4.197,8.643,.717,.101,.551,1.043,.793,.553,1.323,3.938,4.503,.051,14.191,4.903,.324,1.34,.824,.489,.17,14.872,7.153,1.195,.006,.114,1.521,0,.575,.667,1.111,.508,3.938,4.503,.051,7.229,14.191,.015,.225,5.652,0,.376,1.324,.619,4.197,8.643,1.536,.717,.089,.286,.109,.644,.754,25.108999,18.917,1.4859999,2.3180001,3.6789999,35.803001,.37599999,1.267,3.1440001,3.404,.35100001,0,2.438,.52200001,1.186,26.679001,1.596,9.1190004,.003,.114,4.197,.62099999,.324,1.323,.02,2.5120001,5.197,.77100003,.252,26.496,0,.37599999,9.8140001,3.404,0,5.4710002,.52200001,1.186
2005,17,15703,9.979,5.818,.967,.044,.44,0,2.657,4.469,1.378,.006,.469,1.087,.733,.914,2.014,3.202,1.694,.039,9.971,6.346,3.932,2.672,1.54,2.586,.934,9.979,5.818,.967,.044,.037,.44,0,.149,1.778,.993,.793,3.202,1.694,.039,6.644,9.971,.01,1.132,8.531,0,.314,.86,.273,2.657,4.469,2.438,1.378,.557,.299,.021,1.333,.251,17.434999,14.534,.88999999,2.0910001,4.9390001,31.224001,.31400001,8.04,5.79,7.1750002,.308,0,2.01,.15000001,5.0999999,19.931,.88999999,4.5819998,.006,.037,2.6570001,.95099998,3.9319999,2.0139999,.013,2.3369999,5.4850001,1.353,3.256,19.150999,0,.31400001,12.866,7.1750002,0,7.8000002,.15000001,5.0999999
2006,23,22211,7.769,4.452,2.146,.036,.506,0,2.694,4.159,1.16,.039,.465,.934,.531,.789,5.054,3.187,1.677,.088,15.329,6.808,3.949,2.12,1.74,2.019,1.032,7.769,4.452,2.146,.036,.064,.506,0,.157,1.351,1.069,.852,3.187,1.677,.088,7.238,15.329,0,.745,8.603,0,.287,1.087,.156,2.694,4.159,.734,1.16,.358,.32,.033,1.058,.267,15.099,12.026,.81599998,1.62,7.6329999,36.867001,.287,5.4320002,4.4710002,7.2210002,.241,0,3.8559999,.25099999,4.1799998,16.990999,.82599998,4.2719998,.001,.064,2.694,1.131,3.9489999,5.0539999,.02,1.7869999,3.7019999,1.0930001,.41600001,25.184,0,.287,12.534,7.2210002,.024,8.3170004,.25099999,4.1799998
2007,29,30836,6.206,2.525,2.431,.048,.617,0,2.354,6.947,1.273,.006,.254,1.202,.41,.667,6.94,1.972,1.365,.015,18.536,13.046,1.787,2.356,1.228,2.14,.742,6.206,2.525,2.431,.048,.141,.617,0,.048,1.294,.522,.459,1.972,1.365,.015,4.008,18.536,0,.725,14.125,0,.258,.926,.196,2.354,6.947,.568,1.273,.243,.453,0,.919,.152,12.09,14.032,.48500001,1.785,8.8050003,40.745998,.25799999,3.5510001,4.1389999,7.3509998,.39300001,0,2.5,.35699999,3.5079999,13.476,.48500001,6.9949999,0,.141,2.3540001,1.557,1.7869999,6.9400001,.023,2.1389999,3.546,.91900003,.226,24.382,0,.25799999,16.822001,7.3509998,.095,6.6389999,.35699999,3.5079999
2008,23,22811,33.082,4.165,4.489,.716,.479,0,1.451,4.355,2.203,.009,.248,.618,.249,.652,3.377,1.325,1.133,0,8.355,5.376,3.7,2.099,1.032,2.043,.623,33.082,4.165,4.489,.716,.219,.479,0,.08,1.265,.387,.34,1.325,1.133,0,2.298,8.355,0,.787,5.726,0,.208,.57,.112,1.451,4.355,.331,2.203,.219,.385,.047,.577,.054,43.550999,10.304,.56300002,.96700001,5.1139998,19.624001,.208,5.335,3.369,5.8000002,.168,0,2.0829999,.29300001,2.6210001,44.571999,.59799999,4.3969998,.005,.219,1.451,.90799999,3.9170001,3.3770001,.028,1.104,3.6259999,.62400001,.40900001,12.126,0,.208,7.8379998,5.8000002,.46000001,5.4169998,.29300001,2.6210001
2009,17,17095,34.781,14.254,1.369,.818,.367,0,1.066,9.628,3.372,.002,.266,.538,.206,1.635,1.01,.981,1.054,.031,3.459,1.712,.478,2.342,1.098,1.922,.87,34.781,14.254,1.369,.818,.481,.367,0,.247,3.211,.702,.345,.981,1.054,.031,1.176,3.459,.004,.375,1.792,0,.193,.397,.203,1.066,9.628,.147,3.372,.332,.194,.246,.323,.166,52.847,16.073,.56199998,.76999998,5.171,8.8710003,.193,1.286,3.721,5.7179999,.255,0,1.943,.27500001,2.313,56.016998,.58499998,9.6490002,0,.48100001,1.066,.58999997,.54799998,1.01,.003,1.026,4.474,.56999999,.52499998,6.0689998,0,.193,3.148,5.7179999,.098,5.6399999,.27500001,2.313
2010,23,25072,25.159,22.629,.884,.524,.533,0,1.41,7.999,2.001,.008,.425,.443,.2,2.491,2.014,.889,.823,.023,3.13,.969,.128,2.128,1.37,2.594,1.124,25.159,22.629,.884,.524,.019,.533,0,.239,4.773,.862,.362,.889,.823,.023,1.402,3.13,0,.519,1,0,.248,.565,.225,1.41,7.999,.203,2.001,.298,.267,.052,.475,.07,50.234001,13.566,.56199998,.713,7.8899999,7.7859998,.248,3.0739999,3.256,7.6459999,.14,0,2.033,.28600001,2.5680001,55.669998,.56199998,8.0349998,0,.019,1.41,.72799999,.31600001,2.0139999,.024,.83200002,3.3080001,.528,2.0840001,5.7389998,.002,.248,2.408,7.6459999,.287,5.29,.28600001,2.5680001
2011,24,25213,24.31,24.094,1.874,.458,.474,0,2.05,4.114,2.293,.025,.414,.36,.201,4.172,1.656,.736,.374,.023,2.44,.315,.374,2.316,1.661,2.67,1.188,24.31,24.094,1.874,.458,.062,.474,0,.409,8.345,.824,.23,.736,.374,.023,.531,2.44,0,.649,.315,0,.248,.563,.191,2.05,4.114,.427,2.293,.527,.279,.104,.464,.038,51.787998,11.05,.63599998,.67699999,11.244,5.0669999,.248,1.22,3.654,9.1920004,.192,0,2.0699999,.21600001,2.747,61.167999,.63599998,4.1570001,.01,.062,2.05,.375,.54900002,1.656,.029,.83999997,3.7620001,.56800002,.52700001,3.598,0,.248,1.699,9.1920004,.18700001,5.724,.21600001,2.747
2012,19,19290,26.684,21.146,1.516,.353,.732,0,2.095,3.87,2.556,.028,.515,.615,.29,3.475,1.365,.814,.381,0,1.07,.254,.391,2.534,2.085,4.004,1.717,26.684,21.146,1.516,.353,.186,.732,0,.231,6.951,.702,.298,.814,.381,0,.26,1.07,0,.616,.254,0,.201,.38,.434,2.095,3.87,.347,2.556,.83,.261,.109,.393,.049,51.189999,11.323,.89300001,1.257,9.2729998,3.3959999,.20100001,1.377,3.813,12.026,.19400001,0,1.854,.48500001,2.7179999,58.849998,.89300001,3.8870001,.024,.186,2.095,.48699999,.49200001,1.365,0,1.436,4.0250001,.50199997,.61000001,2.0090001,0,.20100001,1.6849999,12.026,.35600001,5.6669998,.48500001,2.7179999
2013,18,22076,17.857,12.82,1.003,2.193,.617,0,2.101,6.254,2.447,0,.647,1.185,.265,3.664,2.425,1.078,.749,.005,1.317,.68,.144,4.053,2.774,5.612,2.253,17.857,12.82,1.003,2.193,1.271,.617,0,.723,7.327,.782,.368,1.078,.749,.005,.664,1.317,0,1.139,.68,0,.097,.47,.769,2.101,6.254,.297,2.447,.891,.487,.033,.583,.112,36.144001,14.444,1.179,3.0669999,11.265,5.632,.097,1.011,5.8559999,15.864,.44299999,0,1.967,.60500002,2.427,43.853001,1.409,6.2779999,.008,1.271,2.1010001,.50800002,.175,2.425,.032,3.51,4.5489998,.61699998,.523,3.1040001,0,.097,2.8959999,15.864,.15800001,7.5929999,.60500002,2.427
2014,17,16765,12.509,10.761,1.403,1.962,.469,0,2.472,5.941,2.593,.174,1.338,1.335,.356,2.108,5.826,1.631,.895,0,1.764,.752,.188,3.624,2.35,4.891,2.118,12.509,10.761,1.403,1.962,1.749,.469,0,.565,4.216,.881,.528,1.631,.895,0,.959,1.764,.047,1.94,.752,0,.13,.507,1.02,2.472,5.941,.178,2.593,1.972,.955,.021,.903,.059,29.308001,16.620001,1.9910001,2.346,11.492,7.9879999,.13,1.567,5.4349999,16.355,.35600001,0,2.4749999,.74699998,3.188,34.23,2.227,6.1760001,0,1.749,2.4719999,.74299997,.18799999,5.8260002,.019,2.694,5.2909999,.92400002,.67500001,4.1929998,.004,.13,4.3239999,16.355,.168,7.6739998,.74699998,3.188
2015,16,17640,7.069,5.299,1.188,4.54,.362,0,2.556,3.42,1.464,.235,3.209,1.879,.445,1.016,5.083,2.345,2.641,.049,1.727,1.183,.244,3.579,2.684,3.907,1.833,7.069,5.299,1.188,4.54,2.02,.362,0,.822,2.032,1.238,.689,2.345,2.641,.049,7.317,1.727,.003,1.078,1.183,0,.079,1.975,1.271,2.556,3.42,.146,1.464,2.72,.768,.005,.714,.155,20.735001,15.195,3.756,3.849,9.1999998,16.343,.079,1.942,6.1830001,13.049,.46599999,0,4.1230001,.713,4.368,24.584999,4.4070001,3.424,.015,2.02,2.556,1.521,.244,5.0830002,.101,4.3140001,5.6789999,.71899998,.33899999,12.426,.01,.079,4.6059999,13.049,.088,9.6549997,.713,4.368
2016,4,4936,7.25,4.92,1.046,4.81,.294,0,1.736,1.97,.996,.216,5.382,2.042,.838,.692,5.475,2.707,3.357,.094,1.31,.441,.107,3.957,2.48,4.031,.813,7.25,4.92,1.046,4.81,2.174,.294,0,1.214,2.222,1.046,.366,2.707,3.357,.094,8.378,1.31,0,.285,.441,0,.152,2.288,1.17,1.736,1.97,.297,.996,2.654,.45,.013,.544,.083,20.493999,12.201,5.8930001,5.6690001,9.9569998,16.573,.152,2.1659999,6.6880002,11.468,.17900001,0,4.414,.45100001,3.694,25.09,6.7090001,1.97,0,2.174,1.7359999,2.0580001,.107,5.4749999,.116,5.848,5.1680002,.55800003,0,13.506,0,.152,3.4330001,11.468,0,10.286,.45100001,3.694
2017,2,1999,4.73,5.709,4.213,2.053,.678,0,1.377,7.281,.515,1.646,2.977,.523,.14,.492,11.592,3.583,3.389,.078,.896,.634,.397,3.484,.795,4.203,5.412,4.73,5.709,4.213,2.053,2.172,.678,0,.984,.984,1.487,.959,3.583,3.389,.078,2.129,.896,0,.37,.634,0,.222,3.19,1.128,1.377,7.281,.721,.515,1.141,.488,0,.549,.142,19.669001,16.531,4.9689999,1.275,15.047,11.08,.222,2.1570001,5.8140001,14.678,.426,0,3.1860001,.26899999,4.6760001,21.02,5.2119999,7.3449998,0,2.1719999,1.377,1.76,.39700001,11.592,.52600002,1.638,5.658,.54900002,.114,7.4520001,0,.222,4.5869999,14.678,0,8.7580004,.26899999,4.6760001
2018,2,1983,7.252,2.732,1.824,.236,1.454,0,1.562,4.213,.68,3.54,3.691,.845,.426,.136,12.713,3.8,2.314,.312,.921,3.613,.073,3.011,.352,2.737,7.392,7.252,2.732,1.824,.236,.401,1.454,0,.767,.767,.762,.571,3.8,2.314,.312,1.599,.921,0,.125,3.613,0,.282,.707,.383,1.562,4.213,.139,.68,2.007,.505,0,.775,.254,14.319,11.224,8.4069996,3.457,15.009,12.685,.28200001,1.959,5,17.754,.70700002,0,4.3449998,.125,4.7280002,17.231001,8.4069996,4.4380002,0,.40099999,1.562,1.886,.073,12.713,.243,3.9400001,2.2249999,.77499998,.421,5.9169998,0,.28200001,7.5380001,17.754,0,9.3439999,.125,4.7280002
